order_id,order_date,product,category,region,channel,units,unit_price,revenue,customer_rating,returned
ORD-1000,2025-11-24,Laptop,Electronics,East,Retail,8,999.0,6863.16,1.9,No
ORD-1001,2025-12-13,Phone,Electronics,North,Retail,48,799.0,44575.1,2.7,Yes
ORD-1002,2025-04-22,Tablet,Electronics,North,Retail,15,429.0,6607.94,1.8,No
ORD-1003,2025-10-07,Monitor,Electronics,Central,Distributor,27,249.0,6233.26,4.2,Yes
ORD-1004,2025-03-23,Keyboard,Accessories,East,Retail,45,79.0,3547.59,1.9,No
ORD-1005,2025-02-22,Mouse,Accessories,East,Distributor,6,39.0,,3.4,No
ORD-1006,2025-08-24,Headset,Accessories,West,Online,35,129.0,4035.01,3.2,No
ORD-1007,2025-11-13,Camera,Electronics,Central,Retail,57,549.0,36036.94,3.8,Yes
ORD-1008,2025-04-27,Laptop,Electronics,North,Retail,50,999.0,47516.73,4.5,No
ORD-1009,2025-08-21,Phone,Electronics,South,Distributor,41,799.0,37408.77,2.4,No
ORD-1010,2025-12-26,Tablet,Electronics,North,Retail,60,429.0,28037.08,3.5,No
ORD-1011,2025-05-06,Monitor,Electronics,East,Retail,11,249.0,2771.3,1.9,No
ORD-1012,2025-01-29,Keyboard,Accessories,East,Online,15,79.0,1348.09,,No
ORD-1013,2025-10-18,Mouse,Accessories,South,Online,57,39.0,2448.12,2.6,No
ORD-1014,2025-08-23,Headset,Accessories,South,Retail,10,129.0,1216.09,3.2,No
ORD-1015,2025-08-08,Camera,Electronics,East,Retail,58,549.0,33569.0,5.0,No
ORD-1016,2025-09-10,Laptop,Electronics,North,Retail,6,999.0,6680.46,3.5,No
ORD-1017,2025-08-05,Phone,Electronics,West,Retail,39,799.0,27179.71,5.0,No
ORD-1018,2025-10-11,Tablet,Electronics,North,Retail,56,429.0,28344.74,4.0,No
ORD-1019,2025-06-24,Monitor,Electronics,South,Online,8,249.0,1897.83,1.0,No
ORD-1020,2025-05-15,Keyboard,Accessories,Central,Online,33,79.0,2911.2,4.5,No
ORD-1021,2025-11-24,Mouse,Accessories,South,Distributor,33,39.0,1368.26,4.1,No
ORD-1022,2025-09-29,Headset,Accessories,East,Online,59,129.0,6470.87,1.1,No
ORD-1023,2025-06-07,Camera,Electronics,Central,Online,16,549.0,7644.49,1.3,No
ORD-1024,2025-02-05,Laptop,Electronics,South,Retail,49,999.0,50735.12,3.6,No
ORD-1025,2025-03-26,Phone,Electronics,Central,Online,17,799.0,14054.14,4.9,No
ORD-1026,2025-12-20,Tablet,Electronics,West,Distributor,13,429.0,6132.09,2.8,No
ORD-1027,2025-03-03,Monitor,Electronics,East,Online,16,249.0,3699.72,3.4,No
ORD-1028,2025-04-23,Keyboard,Accessories,North,Retail,1,79.0,69.11,1.3,Yes
ORD-1029,2025-06-19,Mouse,Accessories,East,Online,5,39.0,200.84,1.9,No
ORD-1030,2025-10-20,Headset,Accessories,West,Online,37,129.0,4846.67,1.8,No
ORD-1031,2025-08-09,Camera,Electronics,West,Online,23,549.0,12604.93,3.7,No
ORD-1032,2025-02-20,Laptop,Electronics,East,Online,4,999.0,3959.71,2.0,No
ORD-1033,2025-08-18,Phone,Electronics,East,Online,9,799.0,7174.16,2.0,No
ORD-1034,2025-08-15,Tablet,Electronics,Central,Online,52,429.0,25687.04,1.2,No
ORD-1035,2025-01-08,Monitor,Electronics,South,Retail,6,249.0,1754.3,2.6,No
ORD-1036,2025-07-25,Keyboard,Accessories,West,Online,58,79.0,3988.73,4.9,No
ORD-1037,2025-08-21,Mouse,Accessories,Central,Online,19,39.0,739.56,1.6,No
ORD-1038,2025-01-30,Headset,Accessories,North,Distributor,38,129.0,5429.0,1.2,No
ORD-1039,2025-09-15,Camera,Electronics,South,Online,59,549.0,37199.51,4.8,No
ORD-1040,2025-04-06,Laptop,Electronics,South,Online,5,999.0,5286.02,1.5,No
ORD-1041,2025-05-07,Phone,Electronics,Central,Online,38,799.0,32125.48,2.7,No
ORD-1042,2025-09-25,Tablet,Electronics,South,Distributor,21,429.0,,2.0,No
ORD-1043,2025-12-10,Monitor,Electronics,East,Online,42,249.0,9987.38,1.0,No
ORD-1044,2025-10-16,Keyboard,Accessories,South,Retail,7,79.0,484.23,2.1,No
ORD-1045,2025-02-05,Mouse,Accessories,East,Retail,57,39.0,2079.62,2.8,No
ORD-1046,2025-06-04,Headset,Accessories,Central,Online,40,129.0,6162.84,3.7,No
ORD-1047,2025-12-06,Camera,Electronics,South,Distributor,7,549.0,4529.46,1.5,No
ORD-1048,2025-10-11,Laptop,Electronics,Central,Retail,10,999.0,9443.77,3.9,No
ORD-1049,2025-11-21,Phone,Electronics,West,Distributor,55,799.0,41413.52,4.6,No
ORD-1050,2025-02-17,Tablet,Electronics,East,Online,41,429.0,17558.25,1.0,No
ORD-1051,2025-11-23,Monitor,Electronics,West,Retail,17,249.0,3837.44,3.8,No
ORD-1052,2025-02-27,Keyboard,Accessories,South,Retail,5,79.0,466.4,1.1,No
ORD-1053,2025-10-10,Mouse,Accessories,North,Distributor,10,39.0,390.17,2.5,No
ORD-1054,2025-01-21,Headset,Accessories,South,Online,58,129.0,7296.7,2.4,No
ORD-1055,2025-07-28,Camera,Electronics,South,Retail,40,549.0,24426.48,4.9,No
ORD-1056,2025-07-31,Laptop,Electronics,East,Online,2,999.0,1823.73,4.2,No
ORD-1057,2025-05-08,Phone,Electronics,North,Online,18,799.0,13026.05,4.5,No
ORD-1058,2025-04-24,Tablet,Electronics,West,Distributor,13,429.0,6334.39,2.2,No
ORD-1059,2025-04-27,Monitor,Electronics,South,Online,15,249.0,3205.69,2.3,No
ORD-1060,2025-05-23,Keyboard,Accessories,West,Retail,23,79.0,1952.4,2.3,Yes
ORD-1061,2025-05-14,Mouse,Accessories,East,Online,12,39.0,492.9,1.4,No
ORD-1062,2025-06-10,Headset,Accessories,Central,Online,28,129.0,3836.57,2.5,No
ORD-1063,2025-05-11,Camera,Electronics,North,Retail,3,549.0,1808.53,4.7,No
ORD-1064,2025-12-10,Laptop,Electronics,North,Distributor,13,999.0,12694.5,3.5,No
ORD-1065,2025-03-05,Phone,Electronics,Central,Distributor,47,799.0,43749.86,3.7,No
ORD-1066,2025-12-23,Tablet,Electronics,South,Online,19,429.0,8510.01,3.7,No
ORD-1067,2025-03-31,Monitor,Electronics,West,Retail,40,249.0,10449.9,4.3,No
ORD-1068,2025-04-18,Keyboard,Accessories,Central,Distributor,28,79.0,2488.53,2.9,No
ORD-1069,2025-04-20,Mouse,Accessories,South,Online,33,39.0,1307.1,2.1,No
ORD-1070,2025-11-14,Headset,Accessories,South,Distributor,22,129.0,2505.06,1.9,No
ORD-1071,2025-01-13,Camera,Electronics,West,Retail,3,549.0,1541.09,4.4,Yes
ORD-1072,2025-08-01,Laptop,Electronics,South,Online,57,999.0,60952.81,3.0,No
ORD-1073,2025-12-02,Phone,Electronics,North,Online,45,799.0,30631.53,1.9,No
ORD-1074,2025-12-23,Tablet,Electronics,Central,Retail,34,429.0,14769.67,4.7,No
ORD-1075,2025-03-10,Monitor,Electronics,Central,Retail,52,249.0,13111.47,3.4,No
ORD-1076,2025-08-15,Keyboard,Accessories,Central,Online,40,79.0,3587.4,4.3,No
ORD-1077,2025-03-23,Mouse,Accessories,West,Distributor,48,39.0,2155.65,4.0,No
ORD-1078,2025-05-22,Headset,Accessories,West,Retail,50,129.0,7238.1,2.1,Yes
ORD-1079,2025-05-27,Camera,Electronics,East,Retail,16,549.0,8301.76,1.3,No
ORD-1080,2025-07-16,Laptop,Electronics,South,Online,45,999.0,40616.03,2.7,No
ORD-1081,2025-08-27,Phone,Electronics,West,Online,27,799.0,18807.19,4.6,No
ORD-1082,2025-12-23,Tablet,Electronics,Central,Online,2,429.0,986.58,2.9,No
ORD-1083,2025-06-02,Monitor,Electronics,West,Retail,49,249.0,12036.23,4.0,No
ORD-1084,2025-11-05,Keyboard,Accessories,South,Distributor,58,79.0,4248.38,2.7,Yes
ORD-1085,2025-06-22,Mouse,Accessories,West,Retail,43,39.0,1824.07,4.4,No
ORD-1086,2025-11-15,Headset,Accessories,West,Retail,35,129.0,3880.36,3.3,Yes
ORD-1087,2025-11-26,Camera,Electronics,West,Retail,28,549.0,13796.29,1.2,No
ORD-1088,2025-04-19,Laptop,Electronics,West,Distributor,30,999.0,,4.0,No
ORD-1089,2025-05-10,Phone,Electronics,North,Retail,54,799.0,37910.97,1.2,No
ORD-1090,2025-04-25,Tablet,Electronics,North,Online,42,429.0,15748.03,4.8,No
ORD-1091,2025-01-11,Monitor,Electronics,South,Online,40,249.0,8997.2,3.7,No
ORD-1092,2025-04-22,Keyboard,Accessories,East,Retail,30,79.0,2594.71,3.4,No
ORD-1093,2025-02-28,Mouse,Accessories,East,Online,50,39.0,2216.67,3.3,No
ORD-1094,2025-10-22,Headset,Accessories,West,Online,44,129.0,6628.48,4.8,No
ORD-1095,2025-10-31,Camera,Electronics,South,Online,45,549.0,28181.0,3.8,No
ORD-1096,2025-12-17,Laptop,Electronics,Central,Online,39,999.0,44101.31,2.4,No
ORD-1097,2025-07-09,Phone,Electronics,East,Online,5,799.0,4103.21,4.4,No
ORD-1098,2025-02-24,Tablet,Electronics,West,Retail,28,429.0,14249.54,2.7,No
ORD-1099,2025-11-30,Monitor,Electronics,Central,Online,18,249.0,4775.88,,No
ORD-1100,2025-10-31,Keyboard,Accessories,South,Online,18,79.0,1369.11,2.1,No
ORD-1101,2025-08-26,Mouse,Accessories,West,Distributor,37,39.0,1534.8,1.1,No
ORD-1102,2025-04-04,Headset,Accessories,East,Distributor,32,129.0,3815.27,2.1,No
ORD-1103,2025-05-22,Camera,Electronics,South,Online,36,549.0,16869.62,2.0,No
ORD-1104,2025-10-12,Laptop,Electronics,West,Online,49,999.0,45725.78,2.8,Yes
ORD-1105,2025-05-31,Phone,Electronics,South,Distributor,15,799.0,11883.61,3.7,No
ORD-1106,2025-10-11,Tablet,Electronics,Central,Distributor,34,429.0,14153.02,2.4,No
ORD-1107,2025-06-06,Monitor,Electronics,South,Distributor,17,249.0,3939.6,1.5,No
ORD-1108,2025-12-20,Keyboard,Accessories,West,Distributor,12,79.0,869.35,3.9,No
ORD-1109,2025-09-26,Mouse,Accessories,North,Retail,39,39.0,1443.5,2.2,No
ORD-1110,2025-06-04,Headset,Accessories,South,Distributor,1,129.0,141.62,1.2,Yes
ORD-1111,2025-05-30,Camera,Electronics,West,Online,45,549.0,29162.56,4.5,No
ORD-1112,2025-08-29,Laptop,Electronics,South,Online,31,999.0,31097.96,2.0,No
ORD-1113,2025-02-28,Phone,Electronics,West,Online,53,799.0,36963.43,3.3,No
ORD-1114,2025-03-19,Tablet,Electronics,East,Online,10,429.0,4864.43,5.0,No
ORD-1115,2025-08-02,Monitor,Electronics,Central,Retail,39,249.0,10280.5,4.1,No
ORD-1116,2025-08-15,Keyboard,Accessories,West,Distributor,20,79.0,1818.67,3.3,Yes
ORD-1117,2025-02-20,Mouse,Accessories,South,Distributor,49,39.0,1763.33,3.6,No
ORD-1118,2025-03-30,Headset,Accessories,North,Online,36,129.0,4069.41,2.8,No
ORD-1119,2025-05-30,Camera,Electronics,East,Online,3,549.0,1533.38,1.3,No
ORD-1120,2025-05-16,Laptop,Electronics,Central,Retail,51,999.0,57416.3,2.7,No
ORD-1121,2025-11-28,Phone,Electronics,South,Online,10,799.0,9331.87,1.2,No
ORD-1122,2025-11-01,Tablet,Electronics,East,Online,48,429.0,23443.66,1.5,No
ORD-1123,2025-12-25,Monitor,Electronics,Central,Retail,26,249.0,7638.91,3.0,No
ORD-1124,2025-01-21,Keyboard,Accessories,East,Retail,57,79.0,4508.45,2.0,No
ORD-1125,2025-12-12,Mouse,Accessories,Central,Online,54,39.0,2424.39,5.0,No
ORD-1126,2025-05-18,Headset,Accessories,South,Online,37,129.0,4124.26,3.1,No
ORD-1127,2025-05-23,Camera,Electronics,West,Online,12,549.0,7898.56,4.9,No
ORD-1128,2025-07-29,Laptop,Electronics,North,Retail,22,999.0,21150.98,2.3,No
ORD-1129,2025-05-28,Phone,Electronics,Central,Online,43,799.0,40569.36,2.8,No
ORD-1130,2025-06-15,Tablet,Electronics,West,Retail,N/A,429.0,4082.59,4.3,Yes
ORD-1131,2025-10-05,Monitor,Electronics,South,Retail,-,249.0,7429.94,2.4,No
ORD-1132,2025-11-17,Keyboard,Accessories,South,Distributor,29,79.0,2556.75,3.2,No
ORD-1133,2025-08-13,Mouse,Accessories,North,Online,57,39.0,2432.82,4.9,No
ORD-1134,2025-05-03,Headset,Accessories,Central,Online,46,129.0,5372.84,3.2,No
ORD-1135,2025-02-28,Camera,Electronics,South,Online,30,549.0,19458.83,4.7,No
ORD-1136,2025-12-28,Laptop,Electronics,West,Online,18,999.0,17899.67,2.0,No
ORD-1137,2025-07-16,Phone,Electronics,Central,Retail,13,799.0,12180.36,4.5,No
ORD-1138,2025-08-01,Tablet,Electronics,Central,Distributor,22,429.0,11108.4,4.3,No
ORD-1139,2025-06-02,Monitor,Electronics,West,Retail,54,249.0,14191.29,2.8,No
ORD-1140,2025-06-20,Keyboard,Accessories,West,Online,36,79.0,3176.76,4.7,No
ORD-1141,2025-12-24,Mouse,Accessories,South,Online,16,39.0,655.28,1.2,No
ORD-1142,2025-12-28,Headset,Accessories,West,Retail,59,129.0,8630.82,3.0,Yes
ORD-1143,2025-09-15,Camera,Electronics,North,Online,38,549.0,20156.83,1.4,No
ORD-1144,2025-01-08,Laptop,Electronics,South,Online,47,999.0,42279.04,2.9,No
ORD-1145,2025-06-23,Phone,Electronics,North,Distributor,40,799.0,34914.59,4.4,No
ORD-1146,2025-07-14,Tablet,Electronics,West,Retail,21,429.0,9634.04,1.1,Yes
ORD-1147,2025-11-20,Monitor,Electronics,South,Online,44,249.0,12843.99,2.7,No
ORD-1148,2025-11-21,Keyboard,Accessories,West,Retail,46,79.0,4198.73,3.8,No
ORD-1149,2025-01-24,Mouse,Accessories,East,Distributor,21,39.0,924.36,2.5,No
ORD-1150,2025-09-29,Headset,Accessories,South,Retail,27,129.0,3650.44,1.7,No
ORD-1151,2025-07-15,Camera,Electronics,West,Retail,40,549.0,23916.57,1.6,No
ORD-1152,2025-05-11,Laptop,Electronics,North,Online,30,999.0,28152.75,4.6,No
ORD-1153,2025-03-22,Phone,Electronics,East,Retail,5,799.0,4013.4,2.2,No
ORD-1154,2025-12-20,Tablet,Electronics,East,Retail,17,429.0,7365.15,5.0,No
ORD-1155,2025-02-24,Monitor,Electronics,East,Retail,16,249.0,3918.17,2.2,No
ORD-1156,2025-01-12,Keyboard,Accessories,East,Online,54,79.0,4608.9,3.3,No
ORD-1157,2025-01-26,Mouse,Accessories,West,Distributor,59,39.0,2444.22,4.1,No
ORD-1158,2025-06-30,Headset,Accessories,Central,Distributor,15,129.0,2075.9,3.7,No
ORD-1159,2025-12-04,Camera,Electronics,North,Online,44,549.0,27620.4,2.2,No
ORD-1160,2025-10-24,Laptop,Electronics,North,Distributor,24,999.0,26525.27,2.3,No
ORD-1161,2025-04-13,Phone,Electronics,East,Retail,9,799.0,8091.88,3.0,No
ORD-1162,2025-03-26,Tablet,Electronics,West,Distributor,17,429.0,8532.21,4.0,No
ORD-1163,2025-02-28,Monitor,Electronics,South,Retail,30,249.0,8866.98,4.4,No
ORD-1164,2025-07-23,Keyboard,Accessories,East,Online,55,79.0,4916.83,4.2,Yes
ORD-1165,2025-10-02,Mouse,Accessories,East,Retail,8,39.0,314.86,2.5,No
ORD-1166,2025-07-10,Headset,Accessories,West,Online,7,129.0,980.83,3.5,No
ORD-1167,2025-06-17,Camera,Electronics,North,Online,59,549.0,34448.76,4.6,No
ORD-1168,2025-07-29,Laptop,Electronics,North,Distributor,8,999.0,7184.18,5.0,No
ORD-1169,2025-05-01,Phone,Electronics,West,Online,57,799.0,47280.07,2.5,No
ORD-1170,2025-12-23,Tablet,Electronics,South,Online,35,429.0,14965.37,3.6,No
ORD-1171,2025-11-12,Monitor,Electronics,East,Online,27,249.0,7924.19,3.8,No
ORD-1172,2025-08-16,Keyboard,Accessories,North,Distributor,16,79.0,1452.85,3.2,No
ORD-1173,2025-07-03,Mouse,Accessories,South,Online,4,39.0,154.34,4.8,No
ORD-1174,2025-02-16,Headset,Accessories,Central,Online,43,129.0,5126.74,1.2,No
ORD-1175,2025-03-06,Camera,Electronics,North,Retail,51,549.0,29331.82,1.8,No
ORD-1176,2025-04-30,Laptop,Electronics,Central,Online,22,999.0,24637.98,2.1,No
ORD-1177,2025-03-08,Phone,Electronics,South,Online,35,799.0,26223.59,3.6,Yes
ORD-1178,2025-01-08,Tablet,Electronics,South,Retail,23,429.0,11115.12,2.3,No
ORD-1179,2025-01-27,Monitor,Electronics,Central,Online,9,249.0,2486.62,4.0,No
ORD-1180,2025-07-05,Keyboard,Accessories,West,Retail,33,79.0,2757.64,1.9,No
ORD-1181,2025-12-04,Mouse,Accessories,North,Online,34,39.0,1267.09,5.0,No
ORD-1182,2025-08-07,Headset,Accessories,West,Online,44,129.0,5039.08,4.6,No
ORD-1183,2025-03-17,Camera,Electronics,Central,Retail,5,549.0,2454.49,3.2,No
ORD-1184,2025-11-02,Laptop,Electronics,Central,Retail,34,999.0,32376.87,2.7,No
ORD-1185,2025-02-28,Phone,Electronics,Central,Retail,55,799.0,47423.23,2.7,No
ORD-1186,2025-07-31,Tablet,Electronics,West,Online,22,429.0,10755.51,3.9,No
ORD-1187,2025-06-10,Monitor,Electronics,South,Online,43,249.0,10056.14,1.3,No
ORD-1188,2025-02-17,Keyboard,Accessories,East,Retail,28,79.0,1954.96,3.2,No
ORD-1189,2025-10-15,Mouse,Accessories,North,Online,36,39.0,1355.39,2.4,No
ORD-1190,2025-08-05,Headset,Accessories,North,Distributor,56,129.0,8456.02,3.4,No
ORD-1191,2025-10-23,Camera,Electronics,West,Retail,33,549.0,16748.42,4.4,No
ORD-1192,2025-10-12,Laptop,Electronics,East,Retail,24,999.0,21343.67,1.9,No
ORD-1193,2025-10-15,Phone,Electronics,Central,Retail,50,799.0,45401.15,1.1,No
ORD-1194,2025-12-22,Tablet,Electronics,East,Distributor,18,429.0,6641.95,4.7,No
ORD-1195,2025-04-03,Monitor,Electronics,West,Online,56,249.0,12551.52,1.6,No
ORD-1196,2025-01-16,Keyboard,Accessories,South,Online,6,79.0,526.68,2.7,No
ORD-1197,2025-07-09,Mouse,Accessories,Central,Retail,20,39.0,860.0,1.3,Yes
ORD-1198,2025-03-22,Headset,Accessories,North,Distributor,49,129.0,6739.72,2.8,No
ORD-1199,2025-11-07,Camera,Electronics,South,Retail,29,549.0,15840.83,1.5,No
ORD-1200,2025-05-26,Laptop,Electronics,West,Retail,44,999.0,,3.7,Yes
ORD-1201,2025-07-22,Phone,Electronics,South,Distributor,39,799.0,27084.32,4.8,No
ORD-1202,2025-05-11,Tablet,Electronics,North,Online,19,429.0,7864.43,4.0,No
ORD-1203,2025-07-14,Monitor,Electronics,Central,Retail,35,249.0,9554.12,4.3,No
ORD-1204,2025-02-06,Keyboard,Accessories,North,Online,26,79.0,2365.42,1.1,No
ORD-1205,2025-06-10,Mouse,Accessories,West,Online,37,39.0,1443.36,2.2,No
ORD-1206,2025-06-16,Headset,Accessories,Central,Online,11,129.0,1604.13,4.3,No
ORD-1207,2025-02-15,Camera,Electronics,South,Online,28,549.0,17609.69,3.4,No
ORD-1208,2025-07-22,Laptop,Electronics,East,Retail,56,999.0,53627.7,2.3,No
ORD-1209,2025-09-19,Phone,Electronics,Central,Retail,41,799.0,29152.54,4.6,No
ORD-1210,2025-11-27,Tablet,Electronics,North,Retail,53,429.0,20501.76,2.0,No
ORD-1211,2025-03-20,Monitor,Electronics,North,Retail,49,249.0,13612.7,4.8,No
ORD-1212,2025-08-26,Keyboard,Accessories,Central,Online,49,79.0,4054.13,3.7,No
ORD-1213,2025-11-26,Mouse,Accessories,East,Distributor,41,39.0,1911.26,1.6,Yes
ORD-1214,2025-08-15,Headset,Accessories,East,Retail,41,129.0,5056.22,1.2,No
ORD-1215,2025-06-08,Camera,Electronics,North,Distributor,30,549.0,16604.56,4.3,Yes
ORD-1216,2025-02-16,Laptop,Electronics,West,Online,40,999.0,42274.8,3.3,No
ORD-1217,2025-01-22,Phone,Electronics,Central,Retail,29,799.0,27067.61,2.3,No
ORD-1218,2025-03-19,Tablet,Electronics,East,Online,4,429.0,1729.18,3.0,No
ORD-1219,2025-05-07,Monitor,Electronics,West,Retail,46,249.0,11490.83,3.1,No
ORD-1220,2025-07-10,Keyboard,Accessories,West,Distributor,59,79.0,4423.35,3.7,Yes
ORD-1221,2025-11-20,Mouse,Accessories,East,Online,42,39.0,1584.15,3.2,No
ORD-1222,2025-05-10,Headset,Accessories,Central,Retail,47,129.0,6960.62,2.3,No
ORD-1223,2025-03-14,Camera,Electronics,West,Retail,59,549.0,31498.22,3.4,No
ORD-1224,2025-06-08,Laptop,Electronics,East,Retail,36,999.0,35310.81,3.7,No
ORD-1225,2025-12-17,Phone,Electronics,West,Retail,59,799.0,48755.0,2.4,No
ORD-1226,2025-04-03,Tablet,Electronics,West,Retail,14,429.0,5823.46,1.9,No
ORD-1227,2025-02-09,Monitor,Electronics,North,Retail,19,249.0,5419.6,4.1,No
ORD-1228,2025-09-27,Keyboard,Accessories,Central,Retail,3,79.0,256.36,3.4,No
ORD-1229,2025-04-03,Mouse,Accessories,Central,Retail,54,39.0,2300.8,3.9,Yes
ORD-1230,2025-07-06,Headset,Accessories,West,Retail,44,129.0,6254.13,2.1,No
ORD-1231,2025-08-18,Camera,Electronics,East,Online,15,549.0,8538.9,4.6,No
ORD-1232,2025-12-14,Laptop,Electronics,West,Distributor,37,999.0,44154.3,4.1,No
ORD-1233,2025-08-03,Phone,Electronics,Central,Retail,11,799.0,9983.53,4.5,Yes
ORD-1234,2025-09-04,Tablet,Electronics,North,Retail,56,429.0,23541.7,4.4,No
ORD-1235,2025-03-24,Monitor,Electronics,Central,Retail,18,249.0,4514.55,4.3,No
ORD-1236,2025-04-24,Keyboard,Accessories,East,Online,53,79.0,4220.06,2.7,No
ORD-1237,2025-07-11,Mouse,Accessories,North,Distributor,16,39.0,614.74,1.9,No
ORD-1238,2025-02-20,Headset,Accessories,East,Retail,54,129.0,7663.62,1.6,No
ORD-1239,2025-08-30,Camera,Electronics,West,Online,45,549.0,28185.65,3.5,No
ORD-1240,2025-01-10,Laptop,Electronics,South,Retail,17,999.0,15717.41,4.8,No
ORD-1241,2025-08-05,Phone,Electronics,South,Distributor,8,799.0,7169.65,1.5,No
ORD-1242,2025-11-24,Tablet,Electronics,North,Online,51,429.0,23366.42,4.3,No
ORD-1243,2025-10-02,Monitor,Electronics,Central,Retail,2,249.0,533.45,3.9,No
ORD-1244,2025-01-01,Keyboard,Accessories,Central,Online,40,79.0,3076.21,1.7,No
ORD-1245,2025-09-26,Mouse,Accessories,Central,Retail,24,39.0,817.77,3.0,No
ORD-1246,2025-10-11,Headset,Accessories,West,Online,2,129.0,254.56,3.5,No
ORD-1247,2025-05-10,Camera,Electronics,North,Distributor,48,549.0,22549.01,2.0,No
ORD-1248,2025-02-23,Laptop,Electronics,East,Retail,50,999.0,52630.62,1.2,No
ORD-1249,2025-11-26,Phone,Electronics,West,Online,12,799.0,10936.4,3.5,No
ORD-1250,2025-02-02,Tablet,Electronics,West,Online,46,429.0,22134.97,2.2,Yes
ORD-1251,2025-04-13,Monitor,Electronics,East,Retail,57,249.0,12272.22,2.6,No
ORD-1252,2025-08-31,Keyboard,Accessories,South,Distributor,17,79.0,1158.76,2.4,No
ORD-1253,2025-12-02,Mouse,Accessories,East,Online,22,39.0,811.35,4.6,No
ORD-1254,2025-07-17,Headset,Accessories,West,Online,22,129.0,3379.5,2.5,No
ORD-1255,2025-05-17,Camera,Electronics,West,Online,52,549.0,25091.24,2.7,No
ORD-1256,2025-04-03,Laptop,Electronics,North,Online,35,999.0,33315.29,2.3,No
ORD-1257,2025-08-17,Phone,Electronics,South,Online,39,799.0,34313.93,2.4,Yes
ORD-1258,2025-06-30,Tablet,Electronics,East,Online,40,429.0,20580.89,1.3,No
ORD-1259,2025-07-06,Monitor,Electronics,South,Online,33,249.0,9288.36,1.6,No
ORD-1260,2025-08-13,Keyboard,Accessories,South,Distributor,3,79.0,211.92,2.4,No
ORD-1261,2025-01-17,Mouse,Accessories,West,Distributor,39,39.0,1374.53,2.5,No
ORD-1262,2025-10-21,Headset,Accessories,West,Distributor,9,129.0,1202.0,3.6,No
ORD-1263,2025-02-28,Camera,Electronics,West,Retail,2,549.0,1216.02,2.5,No
ORD-1264,2025-05-15,Laptop,Electronics,West,Retail,50,999.0,47008.02,5.0,No
ORD-1265,2025-09-09,Phone,Electronics,North,Online,13,799.0,9274.79,1.7,No
ORD-1266,2025-02-14,Tablet,Electronics,East,Distributor,52,429.0,24286.17,3.8,No
ORD-1267,2025-05-29,Monitor,Electronics,South,Retail,58,249.0,13791.89,4.2,No
ORD-1268,2025-03-04,Keyboard,Accessories,South,Online,13,79.0,1157.66,1.1,No
ORD-1269,2025-07-08,Mouse,Accessories,Central,Retail,30,39.0,1323.6,3.4,No
ORD-1270,2025-06-08,Headset,Accessories,West,Retail,26,129.0,4024.32,2.6,No
ORD-1271,2025-10-22,Camera,Electronics,East,Online,5,549.0,2453.66,2.8,No
ORD-1272,2025-06-26,Laptop,Electronics,Central,Retail,9,999.0,10405.16,1.7,No
ORD-1273,2025-08-10,Phone,Electronics,North,Online,33,799.0,30816.41,3.1,No
ORD-1274,2025-03-24,Tablet,Electronics,South,Distributor,21,429.0,10605.02,4.8,No
ORD-1275,2025-05-26,Monitor,Electronics,South,Retail,55,249.0,12018.75,2.1,No
ORD-1276,2025-11-11,Keyboard,Accessories,South,Retail,35,79.0,2440.67,4.8,No
ORD-1277,2025-12-04,Mouse,Accessories,Central,Distributor,40,39.0,1719.47,4.4,No
ORD-1278,2025-01-15,Headset,Accessories,Central,Distributor,6,129.0,670.22,3.6,No
ORD-1279,2025-08-02,Camera,Electronics,West,Retail,40,549.0,23577.29,2.2,No
ORD-1280,2025-09-05,Laptop,Electronics,West,Distributor,16,999.0,18088.15,2.8,No
ORD-1281,2025-03-22,Phone,Electronics,West,Retail,29,799.0,23065.98,2.4,No
ORD-1282,2025-06-13,Tablet,Electronics,East,Online,47,429.0,24111.08,1.5,No
ORD-1283,2025-10-15,Monitor,Electronics,West,Online,7,249.0,1676.23,2.1,No
ORD-1284,2025-02-19,Keyboard,Accessories,West,Retail,4,79.0,300.7,2.7,No
ORD-1285,2025-03-23,Mouse,Accessories,Central,Distributor,53,39.0,1993.83,1.8,No
ORD-1286,2025-09-21,Headset,Accessories,East,Online,30,129.0,3965.07,1.1,No
ORD-1287,2025-09-16,Camera,Electronics,South,Retail,30,549.0,19571.97,2.4,Yes
ORD-1288,2025-09-11,Laptop,Electronics,West,Distributor,39,999.0,45148.74,3.1,No
ORD-1289,2025-08-09,Phone,Electronics,East,Online,9,799.0,8333.36,2.5,No
ORD-1290,2025-10-19,Tablet,Electronics,Central,Distributor,36,429.0,14179.59,1.3,No
ORD-1291,2025-10-09,Monitor,Electronics,Central,Retail,18,249.0,5104.37,1.5,No
ORD-1292,2025-07-21,Keyboard,Accessories,East,Retail,24,79.0,2139.09,4.8,No
ORD-1293,2025-04-12,Mouse,Accessories,Central,Online,39,39.0,1563.88,1.2,No
ORD-1294,2025-06-20,Headset,Accessories,West,Retail,52,129.0,6814.06,3.4,No
ORD-1295,2025-06-17,Camera,Electronics,South,Online,60,549.0,35067.06,5.0,No
ORD-1296,2025-06-03,Laptop,Electronics,Central,Retail,38,999.0,36736.99,3.0,No
ORD-1297,2025-09-01,Phone,Electronics,East,Online,53,799.0,36241.53,4.9,No
ORD-1298,2025-12-19,Tablet,Electronics,West,Distributor,41,429.0,15114.69,4.9,No
ORD-1299,2025-10-24,Monitor,Electronics,North,Retail,37,249.0,8564.77,2.9,No
ORD-1300,2025-11-14,Keyboard,Accessories,South,Retail,50,79.0,999999.0,1.1,No
ORD-1301,2025-02-26,Mouse,Accessories,East,Online,13,39.0,-9999.0,1.6,No
ORD-1302,2025-07-30,Headset,Accessories,West,Online,33,129.0,4773.12,3.8,No
ORD-1303,2025-10-15,Camera,Electronics,West,Retail,21,549.0,13827.23,2.5,No
ORD-1304,2025-08-24,Laptop,Electronics,Central,Distributor,59,999.0,61097.91,3.7,No
ORD-1305,2025-12-15,Phone,Electronics,East,Retail,42,799.0,37963.44,2.9,No
ORD-1306,2025-05-23,Tablet,Electronics,East,Distributor,36,429.0,14740.91,3.8,No
ORD-1307,2025-09-08,Monitor,Electronics,Central,Distributor,21,249.0,5322.76,2.2,No
ORD-1308,2025-10-06,Keyboard,Accessories,West,Distributor,25,79.0,2297.94,4.8,No
ORD-1309,2025-05-29,Mouse,Accessories,North,Distributor,3,39.0,111.23,4.7,No
ORD-1310,2025-09-03,Headset,Accessories,Central,Distributor,14,129.0,1662.83,4.7,No
ORD-1311,2025-03-12,Camera,Electronics,Central,Retail,7,549.0,4094.67,2.0,No
ORD-1312,2025-09-29,Laptop,Electronics,North,Online,15,999.0,16083.11,2.7,No
ORD-1313,2025-02-21,Phone,Electronics,North,Retail,44,799.0,39366.57,4.9,No
ORD-1314,2025-12-01,Tablet,Electronics,West,Online,60,429.0,29812.75,3.6,No
ORD-1315,2025-05-28,Monitor,Electronics,North,Online,21,249.0,4967.0,3.6,No
ORD-1316,2025-01-20,Keyboard,Accessories,West,Retail,59,79.0,5465.09,4.7,Yes
ORD-1317,2025-07-23,Mouse,Accessories,East,Online,51,39.0,2035.51,1.0,No
ORD-1318,2025-02-24,Headset,Accessories,East,Online,60,129.0,9241.93,5.0,No
ORD-1319,2025-09-10,Camera,Electronics,Central,Online,57,549.0,36878.68,2.1,No
ORD-1320,2025-06-19,Laptop,Electronics,East,Retail,11,999.0,12152.64,1.1,No
ORD-1321,2025-06-01,Phone,Electronics,South,Retail,37,799.0,32106.61,3.4,No
ORD-1322,2025-07-27,Tablet,Electronics,East,Online,53,429.0,22730.09,2.6,No
ORD-1323,2025-03-13,Monitor,Electronics,South,Online,31,249.0,7435.41,2.0,No
ORD-1324,2025-05-17,Keyboard,Accessories,Central,Online,22,79.0,1660.97,2.0,No
ORD-1325,2025-05-01,Mouse,Accessories,West,Distributor,4,39.0,169.06,1.6,No
ORD-1326,2025-12-27,Headset,Accessories,North,Distributor,50,129.0,6184.53,2.5,No
ORD-1327,2025-03-10,Camera,Electronics,Central,Distributor,31,549.0,15378.62,2.7,No
ORD-1328,2025-08-30,Laptop,Electronics,South,Retail,49,999.0,50817.56,3.7,No
ORD-1329,2025-02-11,Phone,Electronics,East,Online,34,799.0,27338.82,4.7,No
ORD-1330,2025-10-08,Tablet,Electronics,Central,Retail,58,429.0,25551.84,1.6,No
ORD-1331,2025-09-24,Monitor,Electronics,South,Retail,29,249.0,6431.63,3.0,No
ORD-1332,2025-08-17,Keyboard,Accessories,South,Retail,52,79.0,3571.79,2.7,No
ORD-1333,2025-10-14,Mouse,Accessories,East,Online,30,39.0,1270.0,2.6,No
ORD-1334,2025-04-22,Headset,Accessories,West,Distributor,38,129.0,4292.0,3.8,No
ORD-1335,2025-01-31,Camera,Electronics,West,Online,60,549.0,38308.44,2.1,No
ORD-1336,2025-03-11,Laptop,Electronics,West,Distributor,50,999.0,53672.96,5.0,No
ORD-1337,2025-07-13,Phone,Electronics,Central,Retail,25,799.0,17539.8,3.6,No
ORD-1338,2025-04-02,Tablet,Electronics,South,Retail,35,429.0,14828.37,4.3,No
ORD-1339,2025-06-02,Monitor,Electronics,Central,Online,30,249.0,8110.37,3.1,No
ORD-1340,2025-05-07,Keyboard,Accessories,East,Retail,30,79.0,2301.64,4.7,No
ORD-1341,2025-02-27,Mouse,Accessories,West,Retail,3,39.0,132.6,4.1,No
ORD-1342,2025-01-09,Headset,Accessories,North,Retail,16,129.0,1903.27,1.1,No
ORD-1343,2025-12-27,Camera,Electronics,North,Online,56,549.0,26656.18,2.8,No
ORD-1344,2025-01-29,Laptop,Electronics,East,Retail,9,999.0,9228.03,4.3,No
ORD-1345,2025-06-13,Phone,Electronics,East,Retail,37,799.0,31315.23,2.2,No
ORD-1346,2025-12-05,Tablet,Electronics,East,Distributor,34,429.0,13526.55,1.2,No
ORD-1347,2025-03-31,Monitor,Electronics,Central,Online,41,249.0,11102.93,1.2,No
ORD-1348,2025-11-26,Keyboard,Accessories,Central,Distributor,43,79.0,3340.62,3.8,No
ORD-1349,2025-06-03,Mouse,Accessories,Central,Online,25,39.0,891.5,2.0,No
ORD-1350,2025-12-29,Headset,Accessories,North,Retail,10,129.0,1460.31,2.7,No
ORD-1351,2025-09-29,Camera,Electronics,East,Retail,9,549.0,4871.56,2.3,Yes
ORD-1352,2025-08-19,Laptop,Electronics,Central,Retail,55,999.0,53839.35,1.2,No
ORD-1353,2025-11-06,Phone,Electronics,North,Retail,39,799.0,26918.17,4.2,No
ORD-1354,2025-12-10,Tablet,Electronics,South,Distributor,36,429.0,14300.46,2.2,No
ORD-1355,2025-04-19,Monitor,Electronics,North,Online,60,249.0,13692.63,4.7,No
ORD-1356,2025-12-27,Keyboard,Accessories,South,Retail,14,79.0,1093.64,2.3,No
ORD-1357,2025-08-27,Mouse,Accessories,East,Distributor,35,39.0,1470.18,2.4,No
ORD-1358,2025-08-27,Headset,Accessories,West,Distributor,7,129.0,1021.28,4.7,No
ORD-1359,2025-07-31,Camera,Electronics,South,Retail,3,549.0,1724.22,1.1,No
ORD-1360,2025-10-27,Laptop,Electronics,East,Retail,38,999.0,41834.28,1.8,No
ORD-1361,2025-10-19,Phone,Electronics,Central,Distributor,54,799.0,40384.89,2.0,No
ORD-1362,2025-11-25,Tablet,Electronics,South,Distributor,48,429.0,21039.02,1.7,No
ORD-1363,2025-09-08,Monitor,Electronics,Central,Online,12,249.0,3498.69,3.1,No
ORD-1364,2025-02-08,Keyboard,Accessories,North,Online,53,79.0,4538.19,1.5,No
ORD-1365,2025-02-04,Mouse,Accessories,South,Retail,46,39.0,1619.73,2.8,Yes
ORD-1366,2025-11-23,Headset,Accessories,West,Online,43,129.0,6528.08,1.1,No
ORD-1367,2025-07-30,Camera,Electronics,East,Retail,1,549.0,469.86,4.9,Yes
ORD-1368,2025-12-24,Laptop,Electronics,South,Online,44,999.0,43986.8,4.7,No
ORD-1369,2025-05-04,Phone,Electronics,East,Distributor,13,799.0,11082.13,2.1,No
ORD-1370,2025-07-11,Tablet,Electronics,South,Retail,26,429.0,11272.78,2.2,No
ORD-1371,2025-02-11,Monitor,Electronics,North,Online,42,249.0,12519.13,2.6,No
ORD-1372,2025-09-01,Keyboard,Accessories,South,Online,4,79.0,339.02,3.0,No
ORD-1373,2025-06-19,Mouse,Accessories,North,Retail,37,39.0,1720.15,4.7,No
ORD-1374,2025-12-21,Headset,Accessories,East,Online,57,129.0,7708.7,4.7,No
ORD-1375,2025-05-24,Camera,Electronics,North,Retail,58,549.0,33117.61,4.7,No
ORD-1376,2025-04-17,Laptop,Electronics,West,Online,38,999.0,34183.53,2.2,No
ORD-1377,2025-10-18,Phone,Electronics,Central,Distributor,54,799.0,49501.62,2.5,No
ORD-1378,2025-12-19,Tablet,Electronics,East,Online,47,429.0,17692.02,1.4,No
ORD-1379,2025-02-08,Monitor,Electronics,Central,Retail,22,249.0,5816.59,2.6,No
ORD-1380,2025-01-16,Keyboard,Accessories,West,Online,41,79.0,3063.01,1.9,No
ORD-1381,2025-07-12,Mouse,Accessories,Central,Online,28,39.0,999.19,1.3,No
ORD-1382,2025-05-07,Headset,Accessories,East,Retail,46,129.0,5196.57,2.5,No
ORD-1383,2025-03-20,Camera,Electronics,East,Online,48,549.0,25992.76,1.4,No
ORD-1384,2025-08-16,Laptop,Electronics,North,Retail,24,999.0,26768.52,1.3,No
ORD-1385,2025-10-13,Phone,Electronics,North,Online,36,799.0,29608.35,1.4,No
ORD-1386,2025-11-02,Tablet,Electronics,West,Online,39,429.0,18814.91,2.2,No
ORD-1387,2025-02-13,Monitor,Electronics,South,Retail,47,249.0,13638.65,3.1,No
ORD-1388,2025-03-28,Keyboard,Accessories,East,Online,9,79.0,671.27,1.6,No
ORD-1389,2025-05-22,Mouse,Accessories,North,Distributor,27,39.0,1005.52,2.0,No
ORD-1390,2025-11-17,Headset,Accessories,South,Online,32,129.0,4366.73,1.4,No
ORD-1391,2025-07-22,Camera,Electronics,West,Distributor,22,549.0,13824.05,2.8,No
ORD-1392,2025-11-30,Laptop,Electronics,East,Retail,39,999.0,34973.09,4.8,No
ORD-1393,2025-06-10,Phone,Electronics,East,Distributor,12,799.0,11386.72,3.9,No
ORD-1394,2025-10-22,Tablet,Electronics,West,Distributor,51,429.0,20453.55,4.3,No
ORD-1395,2025-02-28,Monitor,Electronics,Central,Retail,60,249.0,15647.37,1.7,No
ORD-1396,2025-01-14,Keyboard,Accessories,South,Online,47,79.0,3755.95,4.2,No
ORD-1397,2025-02-05,Mouse,Accessories,West,Online,53,39.0,2370.28,1.6,No
ORD-1398,2025-05-10,Headset,Accessories,West,Online,43,129.0,5014.21,1.3,No
ORD-1399,2025-09-03,Camera,Electronics,Central,Online,38,549.0,20659.26,3.2,No
ORD-1400,2025-07-04,Laptop,Electronics,Central,Retail,45,999.0,52301.79,3.6,No
ORD-1401,2025-05-08,Phone,Electronics,South,Retail,43,799.0,37196.36,1.2,No
ORD-1402,2025-12-13,Tablet,Electronics,East,Online,42,429.0,17835.41,1.4,No
ORD-1403,2025-04-24,Monitor,Electronics,Central,Retail,33,249.0,9132.36,3.8,No
ORD-1404,2025-07-11,Keyboard,Accessories,Central,Retail,26,79.0,2078.8,1.6,No
ORD-1405,2025-09-05,Mouse,Accessories,North,Online,7,39.0,260.28,4.3,No
ORD-1406,2025-06-28,Headset,Accessories,South,Retail,20,129.0,2502.79,2.9,No
ORD-1407,2025-08-13,Camera,Electronics,East,Online,47,549.0,28225.05,2.2,No
ORD-1408,2025-02-28,Laptop,Electronics,North,Retail,2,999.0,2292.13,4.7,No
ORD-1409,2025-09-22,Phone,Electronics,East,Retail,12,799.0,10001.9,2.7,No
ORD-1410,2025-07-27,Tablet,Electronics,West,Online,41,429.0,16086.16,1.1,No
ORD-1411,2025-04-12,Monitor,Electronics,West,Online,29,249.0,7634.55,3.8,No
ORD-1412,2025-12-27,Keyboard,Accessories,Central,Online,52,79.0,4636.3,4.2,No
ORD-1413,2025-07-07,Mouse,Accessories,North,Distributor,21,39.0,752.64,3.7,No
ORD-1414,2025-11-24,Headset,Accessories,Central,Online,21,129.0,2868.67,3.3,No
ORD-1415,2025-08-23,Camera,Electronics,East,Retail,40,549.0,19992.05,3.4,No
ORD-1416,2025-06-10,Laptop,Electronics,North,Retail,8,999.0,7460.54,2.5,No
ORD-1417,2025-07-18,Phone,Electronics,Central,Online,27,799.0,22840.39,2.7,No
ORD-1418,2025-10-03,Tablet,Electronics,South,Retail,45,429.0,22619.79,1.7,No
ORD-1419,2025-04-06,Monitor,Electronics,Central,Online,21,249.0,5985.61,4.5,No
ORD-1420,2025-09-06,Keyboard,Accessories,West,Retail,9,79.0,652.91,3.0,No
ORD-1421,2025-12-17,Mouse,Accessories,West,Online,32,39.0,1242.35,1.7,No
ORD-1422,2025-04-23,Headset,Accessories,South,Retail,19,129.0,2111.4,2.2,No
ORD-1423,2025-10-17,Camera,Electronics,West,Retail,48,549.0,29524.56,3.0,No
ORD-1424,2025-05-18,Laptop,Electronics,East,Retail,50,999.0,51952.35,4.3,Yes
ORD-1425,2025-08-14,Phone,Electronics,West,Online,35,799.0,25909.28,3.9,No
ORD-1426,2025-05-07,Tablet,Electronics,North,Online,20,429.0,9920.05,2.1,No
ORD-1427,2025-02-14,Monitor,Electronics,North,Retail,29,249.0,8324.74,1.8,No
ORD-1428,2025-12-19,Keyboard,Accessories,Central,Online,23,79.0,2092.03,1.7,No
ORD-1429,2025-04-16,Mouse,Accessories,North,Retail,53,39.0,1906.66,2.4,No
ORD-1430,2025-10-03,Headset,Accessories,East,Distributor,11,129.0,1366.89,3.3,No
ORD-1431,2025-09-21,Camera,Electronics,North,Retail,58,549.0,34636.29,4.9,No
ORD-1432,2025-01-31,Laptop,Electronics,South,Retail,18,999.0,20741.64,2.0,No
ORD-1433,2025-05-07,Phone,Electronics,West,Online,49,799.0,44837.47,1.6,No
ORD-1434,2025-11-18,Tablet,Electronics,North,Online,27,429.0,11366.52,2.6,No
ORD-1435,2025-12-22,Monitor,Electronics,West,Online,60,249.0,17286.49,2.3,Yes
ORD-1436,2025-02-17,Keyboard,Accessories,East,Online,47,79.0,4419.41,4.2,No
ORD-1437,2025-08-08,Mouse,Accessories,East,Distributor,53,39.0,1910.21,4.3,No
ORD-1438,2025-10-23,Headset,Accessories,West,Distributor,9,129.0,1216.9,4.6,No
ORD-1439,2025-01-24,Camera,Electronics,West,Online,7,549.0,4108.79,1.5,No
ORD-1440,2025-08-14,Laptop,Electronics,West,Retail,30,999.0,25481.59,5.0,No
ORD-1441,2025-11-29,Phone,Electronics,East,Online,20,799.0,14472.16,3.6,No
ORD-1442,2025-07-10,Tablet,Electronics,South,Online,43,429.0,21515.29,2.6,No
ORD-1443,2025-12-25,Monitor,Electronics,North,Online,49,249.0,11370.73,1.0,No
ORD-1444,2025-03-09,Keyboard,Accessories,West,Online,38,79.0,2789.36,1.0,No
ORD-1445,2025-03-03,Mouse,Accessories,South,Online,56,39.0,2179.22,1.3,No
ORD-1446,2025-02-22,Headset,Accessories,East,Retail,7,129.0,866.58,2.5,No
ORD-1447,2025-03-10,Camera,Electronics,South,Online,42,549.0,27612.62,3.1,Yes
ORD-1448,2025-11-29,Laptop,Electronics,South,Retail,11,999.0,11033.34,4.7,No
ORD-1449,2025-08-15,Phone,Electronics,North,Retail,56,799.0,41434.54,4.0,No
ORD-1450,2025-07-16,Tablet,Electronics,East,Retail,23,429.0,11713.48,2.0,No
ORD-1451,2025-05-08,Monitor,Electronics,Central,Distributor,36,249.0,9504.97,4.1,No
ORD-1452,2025-12-04,Keyboard,Accessories,Central,Retail,57,79.0,4302.96,3.0,No
ORD-1453,2025-06-01,Mouse,Accessories,South,Online,42,39.0,1423.58,2.5,No
ORD-1454,2025-11-23,Headset,Accessories,North,Distributor,39,129.0,4401.39,4.7,No
ORD-1455,2025-10-19,Camera,Electronics,South,Online,27,549.0,14495.33,4.8,No
ORD-1456,2025-01-09,Laptop,Electronics,East,Retail,38,999.0,33164.98,1.2,Yes
ORD-1457,2025-07-23,Phone,Electronics,Central,Online,33,799.0,25055.79,2.7,No
ORD-1458,2025-11-24,Tablet,Electronics,South,Distributor,35,429.0,15588.26,1.3,Yes
ORD-1459,2025-04-15,Monitor,Electronics,East,Online,52,249.0,11709.94,3.3,No
ORD-1460,2025-11-29,Keyboard,Accessories,East,Online,44,79.0,3737.06,3.9,No
ORD-1461,2025-01-30,Mouse,Accessories,West,Online,16,39.0,549.23,2.8,No
ORD-1462,2025-06-08,Headset,Accessories,South,Online,43,129.0,6154.91,1.1,No
ORD-1463,2025-01-06,Camera,Electronics,East,Retail,11,549.0,6182.39,3.1,No
ORD-1464,2025-05-13,Laptop,Electronics,East,Online,11,999.0,10770.92,4.1,Yes
ORD-1465,2025-08-08,Phone,Electronics,East,Retail,18,799.0,14861.62,3.5,No
ORD-1466,2025-09-19,Tablet,Electronics,Central,Retail,24,429.0,8951.38,2.5,No
ORD-1467,2025-02-22,Monitor,Electronics,North,Retail,58,249.0,15176.65,4.0,Yes
ORD-1468,2025-01-07,Keyboard,Accessories,East,Online,16,79.0,1094.74,4.7,No
ORD-1469,2025-01-19,Mouse,Accessories,West,Retail,36,39.0,1588.05,2.3,No
ORD-1470,2025-06-13,Headset,Accessories,Central,Distributor,18,129.0,2644.99,1.5,No
ORD-1471,2025-01-27,Camera,Electronics,Central,Online,12,549.0,6114.42,4.8,Yes
ORD-1472,2025-08-27,Laptop,Electronics,East,Distributor,56,999.0,53080.08,1.3,No
ORD-1473,2025-07-08,Phone,Electronics,East,Retail,13,799.0,9889.03,2.0,No
ORD-1474,2025-09-10,Tablet,Electronics,Central,Retail,50,429.0,24057.46,1.6,No
ORD-1475,2025-01-13,Monitor,Electronics,North,Distributor,15,249.0,3882.68,1.0,No
ORD-1476,2025-06-07,Keyboard,Accessories,South,Online,7,79.0,509.77,3.0,Yes
ORD-1477,2025-03-14,Mouse,Accessories,North,Retail,46,39.0,1700.6,4.6,No
ORD-1478,2025-12-25,Headset,Accessories,North,Retail,58,129.0,7335.14,1.4,No
ORD-1479,2025-07-21,Camera,Electronics,North,Online,5,549.0,2901.91,3.6,No
ORD-1480,2025-05-30,Laptop,Electronics,West,Distributor,17,999.0,19493.42,2.3,No
ORD-1481,2025-02-08,Phone,Electronics,Central,Online,13,799.0,9323.78,1.6,No
ORD-1482,2025-08-27,Tablet,Electronics,Central,Distributor,21,429.0,8939.45,4.9,No
ORD-1483,2025-06-07,Monitor,Electronics,North,Online,30,249.0,7042.36,1.6,No
ORD-1484,2025-12-27,Keyboard,Accessories,South,Distributor,45,79.0,3772.41,1.6,No
ORD-1485,2025-07-02,Mouse,Accessories,East,Distributor,26,39.0,1044.13,4.3,No
ORD-1486,2025-07-27,Headset,Accessories,Central,Retail,55,129.0,7153.68,1.4,No
ORD-1487,2025-03-13,Camera,Electronics,South,Retail,8,549.0,3751.58,1.8,No
ORD-1488,2025-12-18,Laptop,Electronics,North,Retail,41,999.0,48255.9,3.3,No
ORD-1489,2025-02-08,Phone,Electronics,South,Online,2,799.0,1916.01,4.2,No
ORD-1490,2025-06-19,Tablet,Electronics,West,Online,8,429.0,2968.49,1.7,No
ORD-1491,2025-07-22,Monitor,Electronics,West,Retail,32,249.0,6855.02,2.4,No
ORD-1492,2025-05-21,Keyboard,Accessories,South,Online,18,79.0,1430.68,3.5,No
ORD-1493,2025-11-28,Mouse,Accessories,Central,Online,19,39.0,759.24,1.2,No
ORD-1494,2025-03-12,Headset,Accessories,Central,Retail,27,129.0,3203.7,3.5,No
ORD-1495,2025-01-10,Camera,Electronics,East,Online,25,549.0,15422.38,3.2,No
ORD-1496,2025-10-17,Laptop,Electronics,East,Retail,33,999.0,31732.77,1.1,No
ORD-1497,2025-01-16,Phone,Electronics,East,Online,58,799.0,52539.84,4.2,No
ORD-1498,2025-07-03,Tablet,Electronics,South,Retail,50,429.0,22616.8,1.4,No
ORD-1499,2025-05-17,Monitor,Electronics,North,Retail,35,249.0,9897.62,3.3,No
ORD-1500,2025-07-18,Keyboard,Accessories,South,Retail,23,79.0,,1.9,No
ORD-1501,2025-12-24,Mouse,Accessories,North,Distributor,23,39.0,1049.39,4.8,No
ORD-1502,2025-10-16,Headset,Accessories,West,Retail,13,129.0,1916.55,2.2,No
ORD-1503,2025-02-16,Camera,Electronics,South,Online,4,549.0,2045.39,3.1,Yes
ORD-1504,2025-11-11,Laptop,Electronics,East,Retail,13,999.0,14704.61,4.7,No
ORD-1505,2025-06-15,Phone,Electronics,Central,Retail,4,799.0,2741.11,4.1,No
ORD-1506,2025-07-06,Tablet,Electronics,West,Retail,5,429.0,2103.72,1.4,No
ORD-1507,2025-03-11,Monitor,Electronics,West,Online,11,249.0,3030.22,3.6,No
ORD-1508,2025-10-15,Keyboard,Accessories,Central,Distributor,45,79.0,4128.64,1.9,No
ORD-1509,2025-03-31,Mouse,Accessories,East,Retail,25,39.0,933.45,1.7,Yes
ORD-1510,2025-12-26,Headset,Accessories,Central,Online,37,129.0,4711.24,1.7,No
ORD-1511,2025-11-10,Camera,Electronics,North,Online,15,549.0,8843.37,1.6,No
ORD-1512,2025-05-02,Laptop,Electronics,South,Online,23,999.0,27430.7,4.3,No
ORD-1513,2025-06-21,Phone,Electronics,South,Retail,29,799.0,19787.77,3.8,No
ORD-1514,2025-02-25,Tablet,Electronics,West,Online,47,429.0,17147.59,3.9,No
ORD-1515,2025-07-31,Monitor,Electronics,East,Retail,32,249.0,9231.88,2.5,No
ORD-1516,2025-10-23,Keyboard,Accessories,South,Retail,42,79.0,3700.85,2.8,No
ORD-1517,2025-01-18,Mouse,Accessories,East,Online,19,39.0,635.06,1.3,No
ORD-1518,2025-07-12,Headset,Accessories,Central,Online,11,129.0,1569.69,2.4,No
ORD-1519,2025-09-05,Camera,Electronics,South,Retail,46,549.0,21739.85,4.6,No
ORD-1520,2025-02-21,Laptop,Electronics,South,Online,22,999.0,20262.46,3.8,No
ORD-1521,2025-10-04,Phone,Electronics,East,Retail,17,799.0,14686.07,1.4,No
ORD-1522,2025-10-09,Tablet,Electronics,North,Distributor,54,429.0,23671.76,1.0,No
ORD-1523,2025-12-05,Monitor,Electronics,South,Online,41,249.0,10822.31,1.1,No
ORD-1524,2025-05-30,Keyboard,Accessories,North,Distributor,6,79.0,481.47,4.1,No
ORD-1525,2025-12-05,Mouse,Accessories,Central,Online,17,39.0,584.7,1.7,No
ORD-1526,2025-07-09,Headset,Accessories,East,Online,12,129.0,1557.32,2.9,No
ORD-1527,2025-05-18,Camera,Electronics,North,Online,37,549.0,17704.28,3.7,No
ORD-1528,2025-07-31,Laptop,Electronics,Central,Online,49,999.0,51712.04,4.4,No
ORD-1529,2025-08-03,Phone,Electronics,West,Retail,35,799.0,30495.1,4.5,No
ORD-1530,2025-02-10,Tablet,Electronics,North,Retail,26,429.0,13005.25,3.3,No
ORD-1531,2025-10-20,Monitor,Electronics,South,Online,44,249.0,13081.07,4.8,No
ORD-1532,2025-03-27,Keyboard,Accessories,South,Online,14,79.0,1253.06,2.7,No
ORD-1533,2025-08-11,Mouse,Accessories,South,Retail,13,39.0,607.92,2.0,No
ORD-1534,2025-02-04,Headset,Accessories,West,Retail,6,129.0,763.04,2.3,No
ORD-1535,2025-08-23,Camera,Electronics,Central,Retail,59,549.0,37434.71,3.1,No
ORD-1536,2025-08-01,Laptop,Electronics,Central,Retail,10,999.0,9009.68,4.0,No
ORD-1537,2025-02-24,Phone,Electronics,East,Retail,37,799.0,33194.54,4.5,No
ORD-1538,2025-05-16,Tablet,Electronics,Central,Retail,25,429.0,11574.16,2.9,No
ORD-1539,2025-07-26,Monitor,Electronics,West,Online,10,249.0,2655.3,2.6,No
ORD-1540,2025-12-20,Keyboard,Accessories,West,Distributor,16,79.0,1096.21,4.6,Yes
ORD-1541,2025-06-05,Mouse,Accessories,West,Online,20,39.0,739.53,4.9,No
ORD-1542,2025-06-03,Headset,Accessories,East,Distributor,48,129.0,6223.51,3.9,No
ORD-1543,2025-02-15,Camera,Electronics,West,Online,13,549.0,7169.84,4.0,No
ORD-1544,2025-01-29,Laptop,Electronics,North,Distributor,33,999.0,37154.52,3.8,No
ORD-1545,2025-09-26,Phone,Electronics,South,Retail,57,799.0,47776.21,4.5,No
ORD-1546,2025-01-30,Tablet,Electronics,North,Distributor,16,429.0,5913.85,3.8,No
ORD-1547,2025-08-26,Monitor,Electronics,North,Online,33,249.0,8126.04,2.0,No
ORD-1548,2025-08-17,Keyboard,Accessories,West,Retail,12,79.0,1124.5,3.2,No
ORD-1549,2025-05-13,Mouse,Accessories,North,Distributor,48,39.0,2135.59,1.1,Yes
ORD-1550,2025-10-20,Headset,Accessories,South,Retail,50,129.0,7660.8,3.7,No
ORD-1551,2025-07-29,Camera,Electronics,North,Online,33,549.0,15526.6,4.6,No
ORD-1552,2025-11-04,Laptop,Electronics,East,Retail,52,999.0,44309.69,4.2,No
ORD-1553,2025-12-30,Phone,Electronics,West,Distributor,42,799.0,31758.7,2.8,No
ORD-1554,2025-06-04,Tablet,Electronics,Central,Online,44,429.0,19484.25,3.3,Yes
ORD-1555,2025-12-06,Monitor,Electronics,Central,Retail,54,249.0,15379.3,3.4,No
ORD-1556,2025-02-25,Keyboard,Accessories,East,Distributor,31,79.0,2136.37,4.4,No
ORD-1557,2025-12-31,Mouse,Accessories,South,Retail,58,39.0,2438.47,3.1,No
ORD-1558,2025-01-30,Headset,Accessories,Central,Online,52,129.0,7714.61,3.6,No
ORD-1559,2025-01-14,Camera,Electronics,East,Distributor,42,549.0,23613.25,4.6,No
ORD-1560,2025-01-19,Laptop,Electronics,Central,Retail,38,999.0,41675.6,2.4,No
ORD-1561,2025-12-18,Phone,Electronics,West,Distributor,35,799.0,30017.9,3.0,No
ORD-1562,2025-12-03,Tablet,Electronics,East,Online,57,429.0,25562.84,2.9,No
ORD-1563,2025-10-14,Monitor,Electronics,East,Online,49,249.0,14268.08,1.9,No
ORD-1564,2025-06-07,Keyboard,Accessories,East,Distributor,27,79.0,2401.4,2.0,No
ORD-1565,2025-03-02,Mouse,Accessories,Central,Retail,31,39.0,1050.36,4.8,Yes
ORD-1566,2025-04-10,Headset,Accessories,West,Retail,33,129.0,3796.97,2.2,Yes
ORD-1567,2025-03-19,Camera,Electronics,East,Online,9,549.0,5915.97,4.9,No
ORD-1568,2025-08-23,Laptop,Electronics,South,Online,10,999.0,9597.73,3.0,No
ORD-1569,2025-04-01,Phone,Electronics,North,Online,21,799.0,17988.34,2.1,No
ORD-1570,2025-03-28,Tablet,Electronics,West,Online,37,429.0,17739.18,1.5,No
ORD-1571,2025-08-08,Monitor,Electronics,West,Online,26,249.0,6475.03,1.0,No
ORD-1572,2025-07-11,Keyboard,Accessories,Central,Retail,1,79.0,91.81,1.1,Yes
ORD-1573,2025-05-08,Mouse,Accessories,East,Distributor,15,39.0,639.25,1.5,No
ORD-1574,2025-10-29,Headset,Accessories,North,Distributor,20,129.0,2343.82,4.8,No
ORD-1575,2025-09-24,Camera,Electronics,West,Retail,39,549.0,22127.01,2.4,No
ORD-1576,2025-07-03,Laptop,Electronics,West,Online,49,999.0,44836.62,1.9,No
ORD-1577,2025-03-09,Phone,Electronics,Central,Retail,14,799.0,12382.08,1.7,No
ORD-1578,2025-11-30,Tablet,Electronics,East,Retail,51,429.0,18883.27,3.5,No
ORD-1579,2025-01-25,Monitor,Electronics,North,Online,43,249.0,9506.1,3.8,No
ORD-1580,2025-07-14,Keyboard,Accessories,West,Retail,8,79.0,658.26,1.8,No
ORD-1581,2025-01-05,Mouse,Accessories,North,Retail,20,39.0,777.9,2.1,No
ORD-1582,2025-03-12,Headset,Accessories,North,Retail,27,129.0,3973.16,3.9,No
ORD-1583,2025-02-28,Camera,Electronics,South,Retail,51,549.0,24840.5,1.8,No
ORD-1584,2025-09-25,Laptop,Electronics,West,Distributor,13,999.0,12665.87,1.6,No
ORD-1585,2025-04-17,Phone,Electronics,East,Retail,45,799.0,42304.42,1.0,No
ORD-1586,2025-02-26,Tablet,Electronics,West,Retail,54,429.0,24346.39,4.8,No
ORD-1587,2025-02-08,Monitor,Electronics,East,Retail,47,249.0,12911.35,2.8,No
ORD-1588,2025-05-16,Keyboard,Accessories,South,Online,30,79.0,2056.04,4.4,No
ORD-1589,2025-12-13,Mouse,Accessories,North,Online,21,39.0,818.26,4.4,No
ORD-1590,2025-01-05,Headset,Accessories,South,Distributor,55,129.0,6374.42,2.4,No
ORD-1591,2025-11-15,Camera,Electronics,North,Distributor,18,549.0,11438.08,4.3,No
ORD-1592,2025-07-25,Laptop,Electronics,East,Online,26,999.0,30826.16,3.8,No
ORD-1593,2025-08-04,Phone,Electronics,South,Online,42,799.0,38932.09,1.5,No
ORD-1594,2025-03-23,Tablet,Electronics,Central,Online,7,429.0,2989.82,4.2,No
ORD-1595,2025-04-03,Monitor,Electronics,East,Retail,40,249.0,9789.81,1.1,No
ORD-1596,2025-03-08,Keyboard,Accessories,North,Online,31,79.0,2870.57,2.8,Yes
ORD-1597,2025-12-02,Mouse,Accessories,Central,Retail,21,39.0,699.69,3.9,No
ORD-1598,2025-12-09,Headset,Accessories,Central,Retail,56,129.0,6995.76,1.4,No
ORD-1599,2025-05-08,Camera,Electronics,West,Retail,31,549.0,16525.66,4.4,No
ORD-1600,2025-11-10,Laptop,Electronics,South,Retail,4,999.0,3412.89,4.4,No
ORD-1601,2025-03-26,Phone,Electronics,East,Retail,5,799.0,4446.44,2.3,No
ORD-1602,2025-09-17,Tablet,Electronics,West,Online,15,429.0,6709.6,4.3,Yes
ORD-1603,2025-08-16,Monitor,Electronics,North,Online,52,249.0,13602.68,2.8,No
ORD-1604,2025-09-12,Keyboard,Accessories,North,Online,48,79.0,4090.36,2.6,No
ORD-1605,2025-01-01,Mouse,Accessories,Central,Retail,53,39.0,1822.71,3.6,No
ORD-1606,2025-10-15,Headset,Accessories,West,Distributor,14,129.0,1948.87,2.5,Yes
ORD-1607,2025-04-25,Camera,Electronics,Central,Retail,55,549.0,30468.6,3.4,No
ORD-1608,2025-07-06,Laptop,Electronics,North,Retail,46,999.0,46339.39,1.0,No
ORD-1609,2025-11-21,Phone,Electronics,Central,Distributor,52,799.0,39561.77,3.8,Yes
ORD-1610,2025-03-26,Tablet,Electronics,West,Online,32,429.0,12343.63,2.0,No
ORD-1611,2025-03-03,Monitor,Electronics,South,Online,60,249.0,17155.12,4.3,No
ORD-1612,2025-06-23,Keyboard,Accessories,North,Retail,7,79.0,616.6,1.5,No
ORD-1613,2025-08-23,Mouse,Accessories,Central,Retail,43,39.0,1771.35,4.9,Yes
ORD-1614,2025-01-25,Headset,Accessories,Central,Online,36,129.0,5467.65,4.7,No
ORD-1615,2025-04-01,Camera,Electronics,South,Online,45,549.0,26001.87,2.5,No
ORD-1616,2025-06-14,Laptop,Electronics,West,Retail,33,999.0,38191.83,4.7,No
ORD-1617,2025-05-21,Phone,Electronics,East,Online,26,799.0,24664.09,4.2,No
ORD-1618,2025-11-05,Tablet,Electronics,Central,Distributor,45,429.0,22398.68,4.4,No
ORD-1619,2025-06-10,Monitor,Electronics,Central,Retail,46,249.0,12689.73,1.8,No
ORD-1620,2025-05-29,Keyboard,Accessories,South,Retail,44,79.0,3374.68,3.0,No
ORD-1621,2025-06-15,Mouse,Accessories,East,Retail,46,39.0,1597.36,2.9,No
ORD-1622,2025-12-08,Headset,Accessories,Central,Distributor,46,129.0,5910.96,4.5,No
ORD-1623,2025-01-07,Camera,Electronics,West,Retail,34,549.0,16561.68,1.2,Yes
ORD-1624,2025-05-17,Laptop,Electronics,East,Distributor,49,999.0,55066.76,1.6,Yes
ORD-1625,2025-06-01,Phone,Electronics,North,Distributor,14,799.0,12458.5,4.3,No
ORD-1626,2025-12-12,Tablet,Electronics,South,Retail,48,429.0,21552.82,2.6,No
ORD-1627,2025-12-23,Monitor,Electronics,North,Online,19,249.0,5168.75,2.6,No
ORD-1628,2025-12-17,Keyboard,Accessories,North,Online,21,79.0,1970.96,4.0,No
ORD-1629,2025-08-15,Mouse,Accessories,East,Retail,54,39.0,1956.35,3.2,No
ORD-1630,2025-04-10,Headset,Accessories,North,Retail,19,129.0,2468.37,4.8,No
ORD-1631,2025-03-03,Camera,Electronics,East,Retail,25,549.0,11861.45,2.1,No
ORD-1632,2025-05-11,Laptop,Electronics,South,Online,1,999.0,964.73,1.6,No
ORD-1633,2025-01-27,Phone,Electronics,Central,Distributor,50,799.0,46994.53,3.0,No
ORD-1634,2025-07-03,Tablet,Electronics,East,Retail,5,429.0,2411.86,1.9,No
ORD-1635,2025-02-04,Monitor,Electronics,West,Retail,51,249.0,13039.32,3.1,No
ORD-1636,2025-04-24,Keyboard,Accessories,East,Distributor,57,79.0,4163.81,2.4,No
ORD-1637,2025-11-13,Mouse,Accessories,Central,Online,34,39.0,1347.48,1.5,No
ORD-1638,2025-05-04,Headset,Accessories,Central,Retail,58,129.0,8041.6,4.8,No
ORD-1639,2025-06-14,Camera,Electronics,North,Online,25,549.0,16066.16,2.0,No
ORD-1640,2025-01-13,Laptop,Electronics,East,Retail,59,999.0,60762.5,4.2,No
ORD-1641,2025-01-23,Phone,Electronics,South,Distributor,19,799.0,17676.73,3.1,No
ORD-1642,2025-03-27,Tablet,Electronics,North,Online,50,429.0,22271.35,1.8,No
ORD-1643,2025-04-20,Monitor,Electronics,North,Retail,56,249.0,15197.45,3.2,No
ORD-1644,2025-08-11,Keyboard,Accessories,North,Retail,42,79.0,3768.8,1.1,No
ORD-1645,2025-01-20,Mouse,Accessories,South,Distributor,6,39.0,204.9,3.2,No
ORD-1646,2025-04-27,Headset,Accessories,West,Online,59,129.0,7158.35,3.5,No
ORD-1647,2025-01-09,Camera,Electronics,Central,Online,25,549.0,14900.61,3.6,No
ORD-1648,2025-10-27,Laptop,Electronics,North,Distributor,3,999.0,3282.64,4.7,No
ORD-1649,2025-12-18,Phone,Electronics,East,Online,20,799.0,16975.52,2.5,No
ORD-1650,2025-01-16,Tablet,Electronics,South,Retail,31,429.0,12031.78,4.0,No
ORD-1651,2025-10-07,Monitor,Electronics,South,Distributor,19,249.0,5611.19,3.7,No
ORD-1652,2025-11-28,Keyboard,Accessories,North,Retail,24,79.0,2246.93,4.5,No
ORD-1653,2025-01-22,Mouse,Accessories,West,Retail,1,39.0,40.97,3.2,No
ORD-1654,2025-04-18,Headset,Accessories,East,Retail,48,129.0,6870.03,2.7,No
ORD-1655,2025-09-20,Camera,Electronics,South,Retail,10,549.0,4975.77,4.3,No
ORD-1656,2025-04-03,Laptop,Electronics,North,Retail,43,999.0,48536.3,2.8,No
ORD-1657,2025-05-29,Phone,Electronics,North,Retail,43,799.0,30013.48,3.9,No
ORD-1658,2025-06-19,Tablet,Electronics,South,Online,23,429.0,8829.73,2.1,Yes
ORD-1659,2025-04-10,Monitor,Electronics,East,Retail,21,249.0,5333.85,3.6,No
ORD-1660,2025-03-20,Keyboard,Accessories,East,Online,37,79.0,3064.48,1.7,No
ORD-1661,2025-04-24,Mouse,Accessories,West,Distributor,46,39.0,1989.43,4.4,No
ORD-1662,2025-06-19,Headset,Accessories,West,Distributor,57,129.0,7485.24,4.1,No
ORD-1663,2025-02-25,Camera,Electronics,North,Distributor,12,549.0,7088.31,4.4,No
ORD-1664,2025-10-03,Laptop,Electronics,North,Online,13,999.0,12235.47,4.6,No
ORD-1665,2025-11-20,Phone,Electronics,Central,Online,2,799.0,1812.81,4.1,No
ORD-1666,2025-01-19,Tablet,Electronics,Central,Online,36,429.0,14536.14,3.6,No
ORD-1667,2025-07-20,Monitor,Electronics,Central,Distributor,15,249.0,4340.08,1.5,No
ORD-1668,2025-02-16,Keyboard,Accessories,North,Retail,26,79.0,2007.48,4.4,No
ORD-1669,2025-11-11,Mouse,Accessories,Central,Retail,44,39.0,1558.21,2.8,No
ORD-1670,2025-10-17,Headset,Accessories,South,Online,43,129.0,6408.27,4.8,Yes
ORD-1671,2025-09-07,Camera,Electronics,East,Retail,15,549.0,7180.93,1.2,No
ORD-1672,2025-07-04,Laptop,Electronics,West,Online,25,999.0,25334.29,1.2,No
ORD-1673,2025-02-22,Phone,Electronics,East,Distributor,46,799.0,43698.83,3.3,No
ORD-1674,2025-07-12,Tablet,Electronics,Central,Online,42,429.0,17702.35,3.1,No
ORD-1675,2025-04-25,Monitor,Electronics,East,Online,34,249.0,8398.65,4.2,No
ORD-1676,2025-01-04,Keyboard,Accessories,West,Retail,33,79.0,3020.76,1.9,No
ORD-1677,2025-05-24,Mouse,Accessories,South,Distributor,14,39.0,492.81,3.4,No
ORD-1678,2025-12-05,Headset,Accessories,East,Online,15,129.0,1925.55,2.9,No
ORD-1679,2025-04-18,Camera,Electronics,West,Online,38,549.0,18910.07,2.0,No
ORD-1680,2025-10-31,Laptop,Electronics,Central,Online,11,999.0,9858.82,4.6,No
ORD-1681,2025-03-27,Phone,Electronics,Central,Online,17,799.0,15930.91,3.4,No
ORD-1682,2025-01-10,Tablet,Electronics,East,Online,57,429.0,26943.33,1.9,No
ORD-1683,2025-08-30,Monitor,Electronics,South,Online,56,249.0,14203.13,3.4,No
ORD-1684,2025-04-04,Keyboard,Accessories,East,Retail,40,79.0,3415.57,3.9,No
ORD-1685,2025-08-21,Mouse,Accessories,South,Online,39,39.0,1607.25,2.5,No
ORD-1686,2025-04-14,Headset,Accessories,Central,Online,34,129.0,5047.66,4.3,No
ORD-1687,2025-04-01,Camera,Electronics,Central,Online,31,549.0,19836.71,4.5,No
ORD-1688,2025-03-02,Laptop,Electronics,South,Retail,6,999.0,6106.59,3.2,Yes
ORD-1689,2025-12-14,Phone,Electronics,West,Distributor,42,799.0,33592.36,4.5,No
ORD-1690,2025-08-08,Tablet,Electronics,West,Online,15,429.0,7583.31,2.4,No
ORD-1691,2025-12-23,Monitor,Electronics,South,Distributor,37,249.0,8146.14,2.9,No
ORD-1692,2025-02-12,Keyboard,Accessories,Central,Online,19,79.0,1590.16,2.0,Yes
ORD-1693,2025-01-04,Mouse,Accessories,Central,Online,37,39.0,1490.46,2.5,No
ORD-1694,2025-06-11,Headset,Accessories,South,Online,27,129.0,3402.17,3.6,No
ORD-1695,2025-10-02,Camera,Electronics,Central,Distributor,28,549.0,16104.24,5.0,No
ORD-1696,2025-04-15,Laptop,Electronics,Central,Online,27,999.0,28139.22,1.7,No
ORD-1697,2025-09-05,Phone,Electronics,Central,Distributor,17,799.0,16244.97,4.1,No
ORD-1698,2025-03-12,Tablet,Electronics,North,Retail,55,429.0,27189.48,2.8,No
ORD-1699,2025-03-24,Monitor,Electronics,West,Distributor,7,249.0,1612.38,4.2,No
ORD-1700,2025-12-17,Keyboard,Accessories,West,Online,46,79.0,3155.11,4.2,No
ORD-1701,2025-08-30,Mouse,Accessories,North,Online,60,39.0,2480.6,2.1,No
ORD-1702,2025-11-08,Headset,Accessories,West,Retail,3,129.0,427.08,3.6,No
ORD-1703,2025-11-02,Camera,Electronics,South,Online,4,549.0,2593.48,2.8,No
ORD-1704,2025-12-03,Laptop,Electronics,East,Retail,60,999.0,67814.23,1.1,No
ORD-1705,2025-09-22,Phone,Electronics,South,Online,45,799.0,33477.16,2.4,No
ORD-1706,2025-03-22,Tablet,Electronics,West,Distributor,6,429.0,3085.93,3.7,No
ORD-1707,2025-04-13,Monitor,Electronics,North,Online,34,249.0,7241.63,3.2,No
ORD-1708,2025-10-14,Keyboard,Accessories,East,Distributor,59,79.0,4912.82,1.9,No
ORD-1709,2025-08-21,Mouse,Accessories,North,Distributor,60,39.0,2319.84,1.7,No
ORD-1710,2025-10-14,Headset,Accessories,East,Online,5,129.0,661.84,4.2,No
ORD-1711,2025-10-03,Camera,Electronics,East,Online,53,549.0,32812.29,4.9,No
ORD-1712,2025-05-05,Laptop,Electronics,West,Online,49,999.0,47427.71,4.6,No
ORD-1713,2025-09-04,Phone,Electronics,West,Retail,8,799.0,6009.99,3.7,No
ORD-1714,2025-06-11,Tablet,Electronics,Central,Retail,27,429.0,13718.97,1.0,No
ORD-1715,2025-05-08,Monitor,Electronics,East,Online,19,249.0,4175.36,3.2,No
ORD-1716,2025-06-10,Keyboard,Accessories,Central,Distributor,23,79.0,1683.45,1.7,No
ORD-1717,2025-04-08,Mouse,Accessories,South,Retail,32,39.0,1382.77,4.5,No
ORD-1718,2025-04-14,Headset,Accessories,Central,Distributor,54,129.0,6529.88,1.6,No
ORD-1719,2025-02-10,Camera,Electronics,West,Retail,44,549.0,28613.33,1.0,No
ORD-1720,2025-01-22,Laptop,Electronics,Central,Distributor,55,999.0,55978.09,3.0,No
ORD-1721,2025-10-22,Phone,Electronics,South,Retail,56,799.0,42334.83,2.1,No
ORD-1722,2025-10-23,Tablet,Electronics,West,Online,9,429.0,3355.02,4.8,Yes
ORD-1723,2025-06-27,Monitor,Electronics,South,Online,26,249.0,7452.48,4.9,No
ORD-1724,2025-08-24,Keyboard,Accessories,North,Retail,21,79.0,1810.34,2.5,No
ORD-1725,2025-07-05,Mouse,Accessories,South,Retail,40,39.0,1796.57,2.1,No
ORD-1726,2025-11-10,Headset,Accessories,West,Online,22,129.0,2775.77,1.8,No
ORD-1727,2025-07-10,Camera,Electronics,East,Online,24,549.0,15139.41,1.7,No
ORD-1728,2025-10-22,Laptop,Electronics,North,Distributor,44,999.0,40879.01,4.2,No
ORD-1729,2025-07-15,Phone,Electronics,South,Online,13,799.0,9359.16,4.2,No
ORD-1730,2025-09-13,Tablet,Electronics,Central,Retail,9,429.0,4627.2,3.9,No
ORD-1731,2025-06-03,Monitor,Electronics,Central,Online,17,249.0,4430.89,2.6,No
ORD-1732,2025-01-31,Keyboard,Accessories,West,Online,14,79.0,1255.13,2.8,No
ORD-1733,2025-07-04,Mouse,Accessories,East,Distributor,24,39.0,979.17,1.1,No
ORD-1734,2025-12-14,Headset,Accessories,Central,Retail,39,129.0,4626.69,1.7,No
ORD-1735,2025-07-01,Camera,Electronics,West,Online,21,549.0,12516.08,4.6,No
ORD-1736,2025-05-27,Laptop,Electronics,South,Retail,30,999.0,32100.85,3.6,No
ORD-1737,2025-08-04,Phone,Electronics,West,Online,41,799.0,34865.68,1.3,No
ORD-1738,2025-06-10,Tablet,Electronics,East,Retail,21,429.0,9716.7,3.6,No
ORD-1739,2025-08-16,Monitor,Electronics,East,Retail,50,249.0,14342.18,3.1,No
ORD-1740,2025-03-27,Keyboard,Accessories,South,Retail,12,79.0,1089.23,3.6,No
ORD-1741,2025-12-25,Mouse,Accessories,South,Online,48,39.0,1643.66,1.4,Yes
ORD-1742,2025-08-31,Headset,Accessories,West,Retail,36,129.0,4034.89,4.1,No
ORD-1743,2025-05-15,Camera,Electronics,West,Distributor,40,549.0,19859.44,1.9,No
ORD-1744,2025-08-15,Laptop,Electronics,Central,Retail,41,999.0,36627.34,1.1,No
ORD-1745,2025-06-16,Phone,Electronics,Central,Distributor,56,799.0,45489.17,3.2,No
ORD-1746,2025-12-24,Tablet,Electronics,Central,Online,35,429.0,13693.12,3.5,No
ORD-1747,2025-10-16,Monitor,Electronics,Central,Distributor,28,249.0,7203.55,4.6,No
ORD-1748,2025-04-27,Keyboard,Accessories,East,Distributor,52,79.0,3620.56,2.6,No
ORD-1749,2025-01-06,Mouse,Accessories,South,Distributor,1,39.0,40.29,2.1,No
ORD-1750,2025-12-19,Headset,Accessories,West,Distributor,60,129.0,7911.64,1.0,No
ORD-1751,2025-05-30,Camera,Electronics,North,Retail,39,549.0,19932.04,2.5,No
ORD-1752,2025-10-15,Laptop,Electronics,South,Online,28,999.0,27640.9,4.3,No
ORD-1753,2025-02-10,Phone,Electronics,Central,Retail,28,799.0,23912.6,4.2,No
ORD-1754,2025-05-26,Tablet,Electronics,East,Online,42,429.0,20000.42,1.8,Yes
ORD-1755,2025-03-11,Monitor,Electronics,West,Retail,19,249.0,4204.08,2.8,No
ORD-1756,2025-09-09,Keyboard,Accessories,South,Online,13,79.0,988.21,4.9,Yes
ORD-1757,2025-02-22,Mouse,Accessories,West,Online,19,39.0,699.67,1.9,No
ORD-1758,2025-09-10,Headset,Accessories,East,Online,14,129.0,1751.22,5.0,No
ORD-1759,2025-01-17,Camera,Electronics,South,Online,22,549.0,10605.43,2.1,No
ORD-1760,2025-10-06,Laptop,Electronics,East,Online,31,999.0,28292.08,4.3,No
ORD-1761,2026-01-01,Phone,Electronics,West,Retail,16,799.0,12588.14,4.0,Yes
ORD-1762,2025-08-24,Tablet,Electronics,Central,Retail,48,429.0,23059.92,2.9,No
ORD-1763,2025-06-09,Monitor,Electronics,North,Retail,60,249.0,14388.3,3.1,No
ORD-1764,2025-11-23,Keyboard,Accessories,North,Retail,20,79.0,1452.89,4.9,No
ORD-1765,2025-08-11,Mouse,Accessories,East,Retail,21,39.0,700.47,1.5,No
ORD-1766,2025-01-05,Headset,Accessories,West,Retail,3,129.0,407.66,1.6,No
ORD-1767,2025-05-08,Camera,Electronics,Central,Distributor,11,549.0,6189.8,4.7,No
ORD-1768,2025-11-17,Laptop,Electronics,South,Retail,4,999.0,3480.2,4.2,No
ORD-1769,2025-04-30,Phone,Electronics,East,Online,21,799.0,20027.19,3.9,Yes
ORD-1770,2025-07-13,Tablet,Electronics,East,Online,23,429.0,10888.63,2.9,No
ORD-1771,2025-05-31,Monitor,Electronics,South,Retail,35,249.0,9533.89,1.7,No
ORD-1772,2025-08-28,Keyboard,Accessories,Central,Retail,18,79.0,1640.54,1.6,No
ORD-1773,2025-08-19,Mouse,Accessories,Central,Distributor,19,39.0,842.37,2.8,No
ORD-1774,2025-09-17,Headset,Accessories,North,Retail,25,129.0,3569.37,4.4,No
ORD-1775,2025-05-03,Camera,Electronics,Central,Online,21,549.0,12709.01,1.8,No
ORD-1776,2025-10-10,Laptop,Electronics,East,Online,10,999.0,10634.99,3.6,No
ORD-1777,2025-09-25,Phone,Electronics,South,Retail,43,799.0,30005.27,4.5,No
ORD-1778,2025-09-06,Tablet,Electronics,Central,Online,13,429.0,4933.21,3.6,No
ORD-1779,2025-12-26,Monitor,Electronics,East,Retail,38,249.0,8890.29,3.4,Yes
ORD-1780,2025-04-17,Keyboard,Accessories,North,Online,42,79.0,3390.97,4.2,Yes
ORD-1781,2025-10-13,Mouse,Accessories,West,Distributor,48,39.0,2205.94,4.2,Yes
ORD-1782,2025-11-12,Headset,Accessories,North,Distributor,18,129.0,2403.64,1.3,No
ORD-1783,2025-09-23,Camera,Electronics,South,Retail,7,549.0,3402.7,2.5,No
ORD-1784,2025-12-03,Laptop,Electronics,South,Retail,16,999.0,16775.36,4.0,No
ORD-1785,2025-02-24,Phone,Electronics,East,Online,50,799.0,42887.06,3.8,No
ORD-1786,2025-02-23,Tablet,Electronics,Central,Online,11,429.0,5320.02,3.0,No
ORD-1787,2025-10-01,Monitor,Electronics,East,Distributor,39,249.0,9760.08,3.2,No
ORD-1788,2025-07-10,Keyboard,Accessories,West,Distributor,27,79.0,2383.55,3.4,No
ORD-1789,2025-04-20,Mouse,Accessories,East,Distributor,25,39.0,1090.05,4.8,No
ORD-1790,2025-07-23,Headset,Accessories,East,Retail,1,129.0,142.44,1.1,No
ORD-1791,2025-06-04,Camera,Electronics,South,Retail,1,549.0,524.36,4.4,Yes
ORD-1792,2025-12-20,Laptop,Electronics,Central,Retail,53,999.0,50118.84,3.2,No
ORD-1793,2025-03-21,Phone,Electronics,East,Retail,7,799.0,4827.92,1.6,No
ORD-1794,2025-10-26,Tablet,Electronics,East,Online,16,429.0,6394.15,3.3,No
ORD-1795,2025-04-22,Monitor,Electronics,East,Online,47,249.0,10263.77,1.7,No
ORD-1796,2025-12-20,Keyboard,Accessories,North,Retail,45,79.0,3738.73,3.6,Yes
ORD-1797,2025-10-23,Mouse,Accessories,North,Distributor,25,39.0,855.53,2.4,No
ORD-1798,2025-08-02,Headset,Accessories,South,Retail,60,129.0,8929.95,4.7,No
ORD-1799,2025-11-20,Camera,Electronics,Central,Online,25,549.0,11926.27,2.3,No
ORD-1800,2025-06-17,Laptop,Electronics,South,Online,33,999.0,36073.12,3.7,No
ORD-1801,2025-08-17,Phone,Electronics,Central,Online,49,799.0,41433.36,1.9,No
ORD-1802,2025-07-21,Tablet,Electronics,North,Online,10,429.0,3844.98,3.3,Yes
ORD-1803,2025-07-24,Monitor,Electronics,Central,Online,17,249.0,3724.1,4.1,No
ORD-1804,2025-03-11,Keyboard,Accessories,West,Online,31,79.0,2561.05,3.6,No
ORD-1805,2025-11-12,Mouse,Accessories,South,Online,48,39.0,1934.69,2.1,No
ORD-1806,2025-12-17,Headset,Accessories,North,Online,60,129.0,8139.43,2.7,No
ORD-1807,2025-06-14,Camera,Electronics,North,Distributor,23,549.0,13357.56,1.7,No
ORD-1808,2025-08-15,Laptop,Electronics,North,Retail,40,999.0,36005.42,1.8,No
ORD-1809,2025-02-13,Phone,Electronics,South,Retail,8,799.0,7087.79,4.7,No
ORD-1810,2025-05-28,Tablet,Electronics,North,Distributor,1,429.0,416.19,2.8,Yes
ORD-1811,2025-04-18,Monitor,Electronics,South,Retail,48,249.0,12409.78,3.1,No
ORD-1812,2025-09-05,Keyboard,Accessories,South,Online,40,79.0,3493.3,2.5,No
ORD-1813,2025-09-27,Mouse,Accessories,North,Distributor,3,39.0,109.91,1.8,No
ORD-1814,2025-05-19,Headset,Accessories,North,Online,4,129.0,522.57,2.6,No
ORD-1815,2025-12-04,Camera,Electronics,North,Distributor,24,549.0,15185.32,4.5,No
ORD-1816,2025-04-29,Laptop,Electronics,North,Distributor,25,999.0,25674.03,2.9,No
ORD-1817,2025-02-15,Phone,Electronics,West,Retail,12,799.0,8817.19,4.7,Yes
ORD-1818,2025-05-07,Tablet,Electronics,East,Online,60,429.0,26648.5,2.6,No
ORD-1819,2025-06-27,Monitor,Electronics,East,Retail,44,249.0,10662.05,5.0,No
ORD-1820,2025-05-22,Keyboard,Accessories,East,Online,52,79.0,3580.96,4.6,No
ORD-1821,2025-01-16,Mouse,Accessories,South,Retail,36,39.0,1659.8,2.4,No
ORD-1822,2025-03-12,Headset,Accessories,Central,Retail,6,129.0,855.63,4.5,No
ORD-1823,2025-08-02,Camera,Electronics,West,Distributor,16,549.0,9227.72,4.6,No
ORD-1824,2025-10-05,Laptop,Electronics,South,Retail,9,999.0,8292.98,3.2,No
ORD-1825,2025-03-12,Phone,Electronics,Central,Retail,20,799.0,17433.96,2.7,No
ORD-1826,2025-03-16,Tablet,Electronics,South,Distributor,42,429.0,21199.27,1.3,No
ORD-1827,2025-03-02,Monitor,Electronics,South,Online,12,249.0,2871.94,4.1,No
ORD-1828,2025-07-31,Keyboard,Accessories,East,Retail,27,79.0,2039.51,4.1,No
ORD-1829,2025-04-05,Mouse,Accessories,Central,Retail,2,39.0,87.11,2.1,No
ORD-1830,2025-04-29,Headset,Accessories,North,Distributor,39,129.0,4685.19,1.3,No
ORD-1831,2025-03-10,Camera,Electronics,West,Distributor,33,549.0,20764.77,1.7,No
ORD-1832,2025-08-31,Laptop,Electronics,South,Online,9,999.0,8157.76,2.6,No
ORD-1833,2025-05-19,Phone,Electronics,South,Retail,27,799.0,20017.46,1.3,No
ORD-1834,2025-08-13,Tablet,Electronics,East,Online,56,429.0,25608.88,4.6,No
ORD-1835,2025-01-22,Monitor,Electronics,West,Distributor,39,249.0,10753.63,2.6,No
ORD-1836,2025-10-20,Keyboard,Accessories,North,Retail,39,79.0,3197.02,1.4,No
ORD-1837,2025-01-22,Mouse,Accessories,Central,Retail,57,39.0,2664.36,2.6,No
ORD-1838,2025-10-13,Headset,Accessories,North,Retail,25,129.0,3323.83,2.2,No
ORD-1839,2025-06-05,Camera,Electronics,West,Retail,50,549.0,31283.87,2.7,No
ORD-1840,2025-01-28,Laptop,Electronics,South,Online,45,999.0,46345.88,4.3,No
ORD-1841,2025-09-14,Phone,Electronics,Central,Retail,8,799.0,5835.38,1.5,No
ORD-1842,2025-08-19,Tablet,Electronics,Central,Retail,2,429.0,783.02,4.5,No
ORD-1843,2025-06-15,Monitor,Electronics,South,Online,45,249.0,12067.8,1.4,No
ORD-1844,2025-11-21,Keyboard,Accessories,West,Retail,24,79.0,1668.21,3.4,No
ORD-1845,2025-10-09,Mouse,Accessories,South,Distributor,25,39.0,843.73,3.3,No
ORD-1846,2025-03-18,Headset,Accessories,South,Online,11,129.0,1637.65,2.7,No
ORD-1847,2025-08-17,Camera,Electronics,North,Retail,19,549.0,11153.44,4.8,Yes
ORD-1848,2025-05-10,Laptop,Electronics,West,Retail,1,999.0,1009.51,4.2,No
ORD-1849,2025-09-10,Phone,Electronics,West,Online,16,799.0,11836.78,2.6,Yes
ORD-1850,2025-11-04,Tablet,Electronics,Central,Distributor,1,429.0,401.39,3.5,No
ORD-1851,2025-04-17,Monitor,Electronics,North,Distributor,4,249.0,911.04,1.1,No
ORD-1852,2025-12-08,Keyboard,Accessories,East,Distributor,37,79.0,3341.88,4.7,Yes
ORD-1853,2025-08-02,Mouse,Accessories,East,Retail,12,39.0,424.23,3.6,No
ORD-1854,2025-10-21,Headset,Accessories,West,Retail,51,129.0,6886.65,2.4,Yes
ORD-1855,2025-06-03,Camera,Electronics,West,Online,21,549.0,11286.88,4.0,No
ORD-1856,2025-02-03,Laptop,Electronics,North,Distributor,19,999.0,19261.65,2.3,No
ORD-1857,2025-04-18,Phone,Electronics,North,Online,45,799.0,33192.5,3.3,No
ORD-1858,2025-09-28,Tablet,Electronics,Central,Distributor,6,429.0,2623.63,2.7,No
ORD-1859,2025-05-13,Monitor,Electronics,Central,Distributor,34,249.0,8900.31,4.7,No
ORD-1860,2025-09-12,Keyboard,Accessories,West,Online,34,79.0,2968.61,4.2,No
ORD-1861,2025-04-30,Mouse,Accessories,South,Online,46,39.0,1707.3,1.5,No
ORD-1862,2025-03-02,Headset,Accessories,Central,Online,48,129.0,7101.14,2.7,No
ORD-1863,2025-10-14,Camera,Electronics,North,Retail,52,549.0,30635.61,3.8,No
ORD-1864,2025-02-04,Laptop,Electronics,Central,Distributor,20,999.0,19082.89,4.1,No
ORD-1865,2025-06-20,Phone,Electronics,Central,Retail,22,799.0,17377.91,4.8,No
ORD-1866,2025-04-10,Tablet,Electronics,West,Online,22,429.0,10776.68,4.2,No
ORD-1867,2025-09-04,Monitor,Electronics,Central,Distributor,10,249.0,2663.11,2.8,No
ORD-1868,2025-01-29,Keyboard,Accessories,Central,Distributor,54,79.0,4404.11,3.2,Yes
ORD-1869,2025-10-23,Mouse,Accessories,East,Online,44,39.0,1657.83,4.9,No
ORD-1870,2025-01-16,Headset,Accessories,Central,Retail,22,129.0,3389.33,3.3,No
ORD-1871,2025-11-01,Camera,Electronics,East,Distributor,8,549.0,5062.25,3.8,No
ORD-1872,2025-02-14,Laptop,Electronics,East,Online,32,999.0,36985.92,4.3,No
ORD-1873,2025-09-26,Phone,Electronics,East,Online,20,799.0,14561.85,4.1,No
ORD-1874,2025-08-16,Tablet,Electronics,West,Retail,33,429.0,12157.0,1.6,No
ORD-1875,2025-09-05,Monitor,Electronics,East,Distributor,47,249.0,13527.0,1.6,No
ORD-1876,2025-09-22,Keyboard,Accessories,South,Online,44,79.0,4162.34,2.8,No
ORD-1877,2025-09-25,Mouse,Accessories,North,Retail,8,39.0,265.65,4.5,No
ORD-1878,2025-01-24,Headset,Accessories,East,Online,7,129.0,932.08,3.3,No
ORD-1879,2025-04-18,Camera,Electronics,East,Distributor,21,549.0,10608.92,3.1,No
ORD-1880,2025-12-10,Laptop,Electronics,South,Distributor,8,999.0,7555.87,1.5,No
ORD-1881,2025-10-14,Phone,Electronics,Central,Distributor,33,799.0,23356.72,3.2,No
ORD-1882,2025-12-27,Tablet,Electronics,South,Retail,52,429.0,21173.5,1.3,No
ORD-1883,2025-06-23,Monitor,Electronics,South,Online,35,249.0,8760.99,2.9,No
ORD-1884,2025-02-24,Keyboard,Accessories,West,Online,25,79.0,1715.94,1.7,No
ORD-1885,2025-10-31,Mouse,Accessories,West,Retail,41,39.0,1827.12,2.4,No
ORD-1886,2025-04-12,Headset,Accessories,Central,Online,46,129.0,6619.03,4.9,No
ORD-1887,2025-08-27,Camera,Electronics,West,Online,37,549.0,18203.06,2.8,No
ORD-1888,2025-12-30,Laptop,Electronics,South,Retail,50,999.0,50593.8,1.6,No
ORD-1889,2025-05-13,Phone,Electronics,South,Distributor,59,799.0,46066.53,4.2,No
ORD-1890,2025-08-21,Tablet,Electronics,West,Online,32,429.0,11814.21,2.4,No
ORD-1891,2025-03-29,Monitor,Electronics,Central,Retail,19,249.0,5292.95,1.5,No
ORD-1892,2026-01-01,Keyboard,Accessories,Central,Online,51,79.0,3575.51,4.2,No
ORD-1893,2025-07-25,Mouse,Accessories,Central,Retail,38,39.0,1474.15,3.2,No
ORD-1894,2025-07-16,Headset,Accessories,Central,Online,5,129.0,625.17,4.1,No
ORD-1895,2025-06-25,Camera,Electronics,South,Online,35,549.0,21000.97,4.0,No
ORD-1896,2025-09-07,Laptop,Electronics,West,Distributor,8,999.0,8449.6,3.2,No
ORD-1897,2025-04-01,Phone,Electronics,North,Retail,20,799.0,18929.26,1.4,No
ORD-1898,2025-07-14,Tablet,Electronics,North,Online,21,429.0,9216.24,1.9,No
ORD-1899,2025-10-25,Monitor,Electronics,North,Retail,58,249.0,16091.94,3.6,No
ORD-1900,2025-05-30,Keyboard,Accessories,West,Retail,25,79.0,2104.26,1.8,No
ORD-1901,2025-06-03,Mouse,Accessories,East,Online,37,39.0,1627.73,3.9,No
ORD-1902,2025-02-15,Headset,Accessories,Central,Online,38,129.0,4180.63,4.4,No
ORD-1903,2025-02-01,Camera,Electronics,North,Online,24,549.0,15355.0,3.8,No
ORD-1904,2025-07-03,Laptop,Electronics,North,Retail,8,999.0,9202.28,2.7,No
ORD-1905,2025-11-17,Phone,Electronics,West,Online,21,799.0,18442.15,2.7,No
ORD-1906,2025-03-30,Tablet,Electronics,Central,Online,31,429.0,11951.47,4.4,No
ORD-1907,2025-08-02,Monitor,Electronics,South,Retail,10,249.0,2367.9,1.0,No
ORD-1908,2025-03-15,Keyboard,Accessories,West,Retail,47,79.0,4306.01,1.3,No
ORD-1909,2025-08-01,Mouse,Accessories,Central,Online,56,39.0,2204.99,3.5,No
ORD-1910,2025-08-06,Headset,Accessories,West,Distributor,36,129.0,5280.34,1.9,No
ORD-1911,2025-01-04,Camera,Electronics,South,Retail,37,549.0,20807.72,2.1,No
ORD-1912,2025-10-23,Laptop,Electronics,North,Retail,24,999.0,20660.4,2.9,No
ORD-1913,2025-10-25,Phone,Electronics,North,Retail,31,799.0,29391.1,3.9,No
ORD-1914,2025-05-24,Tablet,Electronics,Central,Retail,30,429.0,13268.1,1.4,No
ORD-1915,2025-12-06,Monitor,Electronics,Central,Retail,43,249.0,9393.56,2.2,Yes
ORD-1916,2025-06-25,Keyboard,Accessories,West,Online,35,79.0,3103.67,3.1,No
ORD-1917,2025-06-19,Mouse,Accessories,East,Distributor,27,39.0,1025.12,1.7,No
ORD-1918,2025-11-02,Headset,Accessories,Central,Distributor,48,129.0,5922.18,1.2,No
ORD-1919,2025-03-28,Camera,Electronics,East,Retail,37,549.0,17633.04,1.1,No
ORD-1920,2025-03-06,Laptop,Electronics,East,Distributor,33,999.0,28908.82,1.5,No
ORD-1921,2025-05-12,Phone,Electronics,Central,Retail,1,799.0,886.49,4.6,No
ORD-1922,2025-12-04,Tablet,Electronics,South,Distributor,29,429.0,12184.94,4.1,No
ORD-1923,2025-04-03,Monitor,Electronics,North,Distributor,52,249.0,13395.82,4.9,No
ORD-1924,2025-11-01,Keyboard,Accessories,West,Online,60,79.0,5392.24,4.1,No
ORD-1925,2025-08-14,Mouse,Accessories,South,Retail,47,39.0,1967.09,3.9,No
ORD-1926,2025-11-25,Headset,Accessories,North,Online,17,129.0,2443.92,1.7,No
ORD-1927,2025-06-04,Camera,Electronics,Central,Retail,31,549.0,18910.71,2.5,No
ORD-1928,2025-08-31,Laptop,Electronics,West,Online,17,999.0,15298.33,2.2,No
ORD-1929,2025-07-15,Phone,Electronics,Central,Online,44,799.0,33767.02,1.4,No
ORD-1930,2025-07-01,Tablet,Electronics,East,Distributor,55,429.0,23621.55,2.1,No
ORD-1931,2025-05-11,Monitor,Electronics,West,Retail,42,249.0,11027.56,3.9,No
ORD-1932,2025-04-10,Keyboard,Accessories,South,Distributor,34,79.0,2600.3,3.2,No
ORD-1933,2025-02-04,Mouse,Accessories,Central,Online,1,39.0,38.76,3.7,No
ORD-1934,2025-05-26,Headset,Accessories,North,Retail,17,129.0,2012.25,1.4,No
ORD-1935,2025-12-03,Camera,Electronics,Central,Online,58,549.0,36376.64,3.8,No
ORD-1936,2025-11-06,Laptop,Electronics,Central,Retail,9,999.0,8825.43,4.6,No
ORD-1937,2025-05-10,Phone,Electronics,North,Online,19,799.0,15384.95,4.7,No
ORD-1938,2025-08-07,Tablet,Electronics,East,Distributor,45,429.0,22513.24,1.6,Yes
ORD-1939,2025-02-01,Monitor,Electronics,North,Distributor,25,249.0,6137.89,4.8,No
ORD-1940,2025-08-14,Keyboard,Accessories,South,Retail,5,79.0,403.73,2.6,No
ORD-1941,2025-02-25,Mouse,Accessories,West,Retail,10,39.0,405.3,3.5,No
ORD-1942,2025-08-15,Headset,Accessories,North,Online,46,129.0,5581.81,1.3,No
ORD-1943,2025-08-17,Camera,Electronics,South,Online,2,549.0,1277.83,4.7,No
ORD-1944,2025-05-17,Laptop,Electronics,West,Retail,10,999.0,10939.24,1.0,No
ORD-1945,2025-09-09,Phone,Electronics,North,Retail,31,799.0,24833.9,1.9,No
ORD-1946,2025-12-19,Tablet,Electronics,North,Retail,53,429.0,25532.3,3.1,No
ORD-1947,2025-06-20,Monitor,Electronics,North,Online,44,249.0,10473.82,2.5,No
ORD-1948,2025-06-24,Keyboard,Accessories,East,Retail,6,79.0,542.45,1.7,Yes
ORD-1949,2025-07-16,Mouse,Accessories,West,Online,43,39.0,1537.56,3.5,No
ORD-1950,2025-02-13,Headset,Accessories,South,Retail,57,129.0,7878.57,1.1,Yes
ORD-1951,2025-10-31,Camera,Electronics,North,Retail,16,549.0,8970.5,3.6,No
ORD-1952,2025-08-19,Laptop,Electronics,North,Distributor,2,999.0,1724.2,4.2,Yes
ORD-1953,2025-03-02,Phone,Electronics,Central,Online,14,799.0,12667.99,4.8,No
ORD-1954,2025-10-02,Tablet,Electronics,South,Online,10,429.0,4759.19,1.1,No
ORD-1955,2025-12-01,Monitor,Electronics,Central,Online,2,249.0,505.43,2.0,No
ORD-1956,2025-01-08,Keyboard,Accessories,East,Online,12,79.0,1015.72,2.8,No
ORD-1957,2025-10-30,Mouse,Accessories,North,Online,5,39.0,221.56,3.0,No
ORD-1958,2025-04-23,Headset,Accessories,West,Distributor,5,129.0,729.86,4.2,No
ORD-1959,2025-12-14,Camera,Electronics,Central,Retail,26,549.0,13752.75,1.5,No
ORD-1960,2025-04-20,Laptop,Electronics,South,Distributor,49,999.0,42389.38,1.3,No
ORD-1961,2025-08-01,Phone,Electronics,Central,Retail,11,799.0,9612.56,2.8,No
ORD-1962,2025-01-21,Tablet,Electronics,Central,Online,9,429.0,3416.94,4.1,Yes
ORD-1963,2025-09-07,Monitor,Electronics,South,Online,6,249.0,1273.22,3.8,No
ORD-1964,2025-05-26,Keyboard,Accessories,West,Retail,27,79.0,2330.79,1.8,No
ORD-1965,2025-09-25,Mouse,Accessories,South,Retail,29,39.0,1124.45,3.8,No
ORD-1966,2025-09-13,Headset,Accessories,East,Distributor,40,129.0,6102.24,2.7,No
ORD-1967,2025-04-09,Camera,Electronics,North,Retail,8,549.0,5249.81,2.4,No
ORD-1968,2025-10-04,Laptop,Electronics,South,Distributor,33,999.0,30552.06,1.2,No
ORD-1969,2025-03-18,Phone,Electronics,West,Online,44,799.0,40265.0,1.7,No
ORD-1970,2025-01-23,Tablet,Electronics,East,Retail,4,429.0,1845.9,2.7,No
ORD-1971,2025-08-21,Monitor,Electronics,North,Retail,3,249.0,662.25,1.7,No
ORD-1972,2025-09-06,Keyboard,Accessories,South,Online,33,79.0,2321.85,3.4,No
ORD-1973,2025-04-12,Mouse,Accessories,East,Retail,48,39.0,2034.67,4.1,No
ORD-1974,2025-02-20,Headset,Accessories,South,Online,16,129.0,2287.35,4.6,Yes
ORD-1975,2025-10-27,Camera,Electronics,West,Retail,32,549.0,15266.92,1.9,No
ORD-1976,2025-04-02,Laptop,Electronics,West,Retail,25,999.0,24493.48,3.5,No
ORD-1977,2025-04-14,Phone,Electronics,Central,Online,22,799.0,15723.94,2.1,No
ORD-1978,2025-08-27,Tablet,Electronics,East,Retail,30,429.0,12823.39,4.5,No
ORD-1979,2025-11-23,Monitor,Electronics,Central,Retail,40,249.0,11622.85,4.4,No
ORD-1980,2025-09-25,Keyboard,Accessories,South,Retail,32,79.0,2911.67,2.9,No
ORD-1981,2025-01-08,Mouse,Accessories,South,Retail,47,39.0,1832.7,2.3,No
ORD-1982,2025-10-30,Headset,Accessories,North,Online,10,129.0,1509.06,4.9,Yes
ORD-1983,2025-08-29,Camera,Electronics,North,Online,47,549.0,28873.87,3.1,No
ORD-1984,2025-12-23,Laptop,Electronics,West,Retail,53,999.0,46821.02,1.3,No
ORD-1985,2025-12-21,Phone,Electronics,South,Retail,47,799.0,37264.46,2.4,No
ORD-1986,2025-02-16,Tablet,Electronics,East,Retail,2,429.0,873.38,3.8,No
ORD-1987,2025-10-26,Monitor,Electronics,West,Retail,2,249.0,593.49,4.5,No
ORD-1988,2025-07-09,Keyboard,Accessories,North,Online,41,79.0,3279.5,2.5,No
ORD-1989,2025-09-29,Mouse,Accessories,East,Retail,3,39.0,111.6,3.2,No
ORD-1990,2025-12-17,Headset,Accessories,East,Online,6,129.0,825.98,3.1,No
ORD-1991,2025-07-06,Camera,Electronics,West,Distributor,57,549.0,27163.79,2.9,Yes
ORD-1992,2025-07-07,Laptop,Electronics,North,Retail,12,999.0,12909.4,3.8,No
ORD-1993,2025-06-21,Phone,Electronics,West,Retail,16,799.0,13280.94,4.5,No
ORD-1994,2025-04-26,Tablet,Electronics,East,Retail,21,429.0,8769.8,3.7,No
ORD-1995,2025-02-02,Monitor,Electronics,West,Retail,24,249.0,5801.68,3.1,No
ORD-1996,2025-12-30,Keyboard,Accessories,Central,Distributor,35,79.0,3006.68,2.8,No
ORD-1997,2025-12-11,Mouse,Accessories,North,Retail,45,39.0,1988.55,4.6,No
ORD-1998,2025-02-11,Headset,Accessories,East,Online,26,129.0,3905.0,1.4,No
ORD-1999,2025-12-23,Camera,Electronics,South,Retail,10,549.0,5620.2,4.8,Yes
ORD-2000,2025-08-02,Laptop,Electronics,South,Online,44,999.0,45692.36,2.4,No
ORD-2001,2025-11-27,Phone,Electronics,North,Online,2,799.0,1521.35,4.5,No
ORD-2002,2025-09-24,Tablet,Electronics,Central,Distributor,42,429.0,17433.44,3.6,No
ORD-2003,2025-09-06,Monitor,Electronics,Central,Retail,38,249.0,10247.81,2.8,No
ORD-2004,2025-03-09,Keyboard,Accessories,South,Distributor,58,79.0,5160.58,1.9,No
ORD-2005,2025-05-28,Mouse,Accessories,South,Distributor,50,39.0,2234.56,2.1,No
ORD-2006,2025-11-13,Headset,Accessories,Central,Distributor,60,129.0,7014.58,1.7,No
ORD-2007,2025-12-29,Camera,Electronics,South,Retail,45,549.0,28822.06,2.0,Yes
ORD-2008,2025-06-12,Laptop,Electronics,East,Distributor,37,999.0,33054.74,1.7,No
ORD-2009,2025-01-18,Phone,Electronics,East,Retail,43,799.0,33014.68,2.5,No
ORD-2010,2025-03-25,Tablet,Electronics,North,Online,35,429.0,14347.52,4.7,No
ORD-2011,2025-08-23,Monitor,Electronics,North,Retail,60,249.0,14373.42,4.9,No
ORD-2012,2025-12-28,Keyboard,Accessories,East,Retail,19,79.0,1524.82,3.7,No
ORD-2013,2025-08-15,Mouse,Accessories,West,Online,22,39.0,936.25,1.6,No
ORD-2014,2025-06-07,Headset,Accessories,South,Online,2,129.0,255.57,2.4,No
ORD-2015,2025-11-08,Camera,Electronics,Central,Retail,42,549.0,21174.22,4.1,No
ORD-2016,2025-04-11,Laptop,Electronics,West,Online,2,999.0,1756.75,4.9,No
ORD-2017,2025-09-09,Phone,Electronics,Central,Online,21,799.0,17804.37,4.6,No
ORD-2018,2025-03-17,Tablet,Electronics,East,Online,46,429.0,22671.04,2.5,No
ORD-2019,2025-06-29,Monitor,Electronics,Central,Online,20,249.0,5936.82,1.9,No
ORD-2020,2025-08-01,Keyboard,Accessories,South,Online,52,79.0,4128.03,3.9,No
ORD-2021,2025-10-28,Mouse,Accessories,South,Distributor,39,39.0,1338.67,2.9,No
ORD-2022,2025-06-21,Headset,Accessories,Central,Online,5,129.0,758.91,1.4,No
ORD-2023,2025-05-20,Camera,Electronics,West,Retail,27,549.0,13506.9,4.0,No
ORD-2024,2025-04-06,Laptop,Electronics,Central,Online,54,999.0,53062.33,1.2,No
ORD-2025,2025-10-27,Phone,Electronics,West,Retail,20,799.0,16346.5,1.1,Yes
ORD-2026,2025-05-15,Tablet,Electronics,West,Online,20,429.0,10163.95,3.6,No
ORD-2027,2025-08-02,Monitor,Electronics,South,Online,12,249.0,3054.21,1.5,No
ORD-2028,2025-02-04,Keyboard,Accessories,Central,Online,39,79.0,3422.83,3.3,No
ORD-2029,2025-11-18,Mouse,Accessories,North,Distributor,44,39.0,1744.51,3.1,No
ORD-2030,2025-05-13,Headset,Accessories,South,Distributor,11,129.0,1495.03,2.8,No
ORD-2031,2025-07-02,Camera,Electronics,East,Online,11,549.0,5244.94,3.5,No
ORD-2032,2025-01-25,Laptop,Electronics,North,Retail,19,999.0,18071.48,1.8,No
ORD-2033,2025-02-18,Phone,Electronics,Central,Distributor,39,799.0,34695.28,4.5,No
ORD-2034,2025-12-17,Tablet,Electronics,East,Online,52,429.0,21312.51,3.1,No
ORD-2035,2025-03-15,Monitor,Electronics,East,Distributor,1,249.0,223.59,4.1,No
ORD-2036,2025-03-25,Keyboard,Accessories,Central,Retail,7,79.0,512.22,4.3,No
ORD-2037,2025-10-14,Mouse,Accessories,Central,Retail,40,39.0,1702.55,3.9,No
ORD-2038,2025-02-28,Headset,Accessories,North,Online,27,129.0,3521.91,4.3,No
ORD-2039,2025-09-03,Camera,Electronics,East,Retail,23,549.0,12109.93,4.3,No
ORD-2040,2025-11-02,Laptop,Electronics,East,Retail,34,999.0,37948.73,3.8,Yes
ORD-2041,2025-03-02,Phone,Electronics,South,Retail,15,799.0,10727.18,2.2,No
ORD-2042,2025-02-10,Tablet,Electronics,North,Online,28,429.0,13114.54,1.1,No
ORD-2043,2025-08-09,Monitor,Electronics,North,Retail,3,249.0,686.29,3.4,No
ORD-2044,2025-05-10,Keyboard,Accessories,North,Online,3,79.0,206.95,4.1,No
ORD-2045,2025-04-16,Mouse,Accessories,South,Distributor,38,39.0,1727.14,1.1,No
ORD-2046,2025-05-23,Headset,Accessories,South,Retail,38,129.0,4763.48,4.1,No
ORD-2047,2025-09-16,Camera,Electronics,Central,Online,37,549.0,17751.9,3.1,No
ORD-2048,2025-05-25,Laptop,Electronics,Central,Online,11,999.0,12808.57,4.9,No
ORD-2049,2025-04-20,Phone,Electronics,West,Distributor,59,799.0,48388.74,3.8,No
ORD-2050,2025-12-11,Tablet,Electronics,East,Online,7,429.0,2742.63,2.7,No
ORD-2051,2025-07-28,Monitor,Electronics,East,Online,8,249.0,2224.05,2.9,No
ORD-2052,2025-09-11,Keyboard,Accessories,East,Retail,49,79.0,3779.79,3.9,No
ORD-2053,2025-09-10,Mouse,Accessories,West,Retail,8,39.0,307.22,3.9,No
ORD-2054,2025-08-16,Headset,Accessories,East,Online,15,129.0,2019.89,1.8,Yes
ORD-2055,2025-09-01,Camera,Electronics,North,Online,44,549.0,23639.17,3.7,No
ORD-2056,2025-09-25,Laptop,Electronics,North,Retail,43,999.0,46684.87,2.6,No
ORD-2057,2025-02-22,Phone,Electronics,South,Online,48,799.0,45019.56,2.5,No
ORD-2058,2025-04-13,Tablet,Electronics,West,Online,39,429.0,19163.86,1.9,No
ORD-2059,2025-09-13,Monitor,Electronics,Central,Retail,18,249.0,5009.47,2.1,No
ORD-2060,2025-11-26,Keyboard,Accessories,Central,Online,26,79.0,2001.9,5.0,No
ORD-2061,2025-03-17,Mouse,Accessories,North,Distributor,50,39.0,1967.79,3.0,No
ORD-2062,2025-03-10,Headset,Accessories,North,Online,2,129.0,228.29,3.0,Yes
ORD-2063,2025-04-02,Camera,Electronics,East,Retail,25,549.0,14570.52,2.2,No
ORD-2064,2025-02-09,Laptop,Electronics,West,Online,43,999.0,47813.86,1.8,No
ORD-2065,2025-09-09,Phone,Electronics,East,Retail,33,799.0,24826.71,3.2,No
ORD-2066,2025-01-17,Tablet,Electronics,North,Online,28,429.0,13910.42,2.8,No
ORD-2067,2025-08-15,Monitor,Electronics,South,Retail,30,249.0,6443.57,3.6,No
ORD-2068,2025-12-28,Keyboard,Accessories,South,Distributor,11,79.0,888.13,3.9,No
ORD-2069,2025-02-26,Mouse,Accessories,Central,Retail,37,39.0,1567.47,3.3,No
ORD-2070,2025-03-22,Headset,Accessories,East,Online,33,129.0,3701.5,3.4,No
ORD-2071,2025-12-13,Camera,Electronics,East,Distributor,23,549.0,14120.33,1.2,No
ORD-2072,2025-03-07,Laptop,Electronics,Central,Online,54,999.0,52772.33,4.1,No
ORD-2073,2025-07-14,Phone,Electronics,East,Online,7,799.0,5592.17,2.4,No
ORD-2074,2025-05-07,Tablet,Electronics,Central,Online,16,429.0,7391.35,4.6,Yes
ORD-2075,2025-06-06,Monitor,Electronics,North,Retail,8,249.0,1928.57,2.3,No
ORD-2076,2025-08-05,Keyboard,Accessories,West,Distributor,37,79.0,3011.18,1.1,No
ORD-2077,2025-01-12,Mouse,Accessories,West,Distributor,21,39.0,804.43,3.3,No
ORD-2078,2025-02-21,Headset,Accessories,East,Online,45,129.0,6305.91,3.0,No
ORD-2079,2025-06-23,Camera,Electronics,East,Online,11,549.0,6432.68,1.8,No
ORD-2080,2025-02-08,Laptop,Electronics,South,Distributor,54,999.0,61909.35,2.1,No
ORD-2081,2025-10-21,Phone,Electronics,Central,Online,26,799.0,23508.09,3.9,No
ORD-2082,2025-10-31,Tablet,Electronics,Central,Retail,22,429.0,8925.31,2.9,No
ORD-2083,2025-02-09,Monitor,Electronics,Central,Distributor,42,249.0,11904.43,2.7,No
ORD-2084,2025-04-13,Keyboard,Accessories,Central,Retail,27,79.0,2113.39,2.8,No
ORD-2085,2025-04-03,Mouse,Accessories,Central,Retail,57,39.0,1904.02,3.3,No
ORD-2086,2025-08-28,Headset,Accessories,Central,Retail,18,129.0,2735.33,4.4,No
ORD-2087,2025-10-17,Camera,Electronics,Central,Retail,47,549.0,27592.84,2.5,No
ORD-2088,2025-03-19,Laptop,Electronics,East,Online,48,999.0,52260.84,2.6,No
ORD-2089,2025-02-02,Phone,Electronics,West,Distributor,41,799.0,30179.08,4.3,No
ORD-2090,2025-05-12,Tablet,Electronics,West,Retail,44,429.0,20016.7,1.5,No
ORD-2091,2025-05-06,Monitor,Electronics,West,Online,52,249.0,14754.64,3.2,No
ORD-2092,2025-11-28,Keyboard,Accessories,South,Distributor,58,79.0,3954.04,1.5,No
ORD-2093,2025-05-23,Mouse,Accessories,North,Online,43,39.0,1748.69,4.1,Yes
ORD-2094,2025-02-12,Headset,Accessories,North,Online,21,129.0,2873.06,4.6,No
ORD-2095,2025-02-16,Camera,Electronics,South,Retail,26,549.0,16844.84,1.4,No
ORD-2096,2025-03-03,Laptop,Electronics,Central,Retail,34,999.0,36767.38,2.0,No
ORD-2097,2025-05-02,Phone,Electronics,East,Distributor,39,799.0,27820.44,4.3,No
ORD-2098,2025-05-01,Tablet,Electronics,South,Online,60,429.0,25688.63,1.7,No
ORD-2099,2025-08-14,Monitor,Electronics,Central,Online,27,249.0,6312.94,3.0,No
ORD-2100,2025-02-27,Keyboard,Accessories,West,Retail,21,79.0,1727.04,4.9,No
ORD-2101,2025-03-16,Mouse,Accessories,East,Distributor,24,39.0,951.28,1.1,No
ORD-2102,2025-11-07,Headset,Accessories,North,Retail,3,129.0,442.93,2.0,No
ORD-2103,2025-11-24,Camera,Electronics,North,Retail,45,549.0,24136.77,4.5,No
ORD-2104,2025-07-18,Laptop,Electronics,West,Distributor,1,999.0,1167.26,2.2,No
ORD-2105,2025-05-01,Phone,Electronics,South,Online,20,799.0,14759.69,3.5,No
ORD-2106,2025-11-26,Tablet,Electronics,East,Online,27,429.0,13045.48,4.3,No
ORD-2107,2025-08-30,Monitor,Electronics,East,Online,48,249.0,11886.7,4.5,No
ORD-2108,2025-03-24,Keyboard,Accessories,North,Distributor,45,79.0,3346.46,2.7,No
ORD-2109,2025-10-08,Mouse,Accessories,North,Online,48,39.0,1805.3,3.6,No
ORD-2110,2025-08-16,Headset,Accessories,North,Online,51,129.0,7068.38,1.8,No
ORD-2111,2025-10-22,Camera,Electronics,South,Retail,6,549.0,2927.67,3.9,No
ORD-2112,2025-11-29,Laptop,Electronics,Central,Online,49,999.0,43837.21,4.2,No
ORD-2113,2025-09-02,Phone,Electronics,East,Retail,56,799.0,49545.49,3.7,No
ORD-2114,2025-05-25,Tablet,Electronics,East,Retail,13,429.0,4905.19,2.6,No
ORD-2115,2025-10-20,Monitor,Electronics,North,Retail,15,249.0,3201.86,3.6,No
ORD-2116,2025-02-15,Keyboard,Accessories,South,Online,30,79.0,2178.96,2.6,No
ORD-2117,2025-05-14,Mouse,Accessories,East,Retail,10,39.0,343.66,4.8,No
ORD-2118,2025-09-27,Headset,Accessories,West,Online,28,129.0,4047.88,1.5,No
ORD-2119,2025-04-08,Camera,Electronics,East,Distributor,56,549.0,34885.04,4.0,No
ORD-2120,2025-08-09,Laptop,Electronics,South,Distributor,55,999.0,50676.44,3.9,No
ORD-2121,2025-04-03,Phone,Electronics,North,Distributor,27,799.0,24320.59,4.9,No
ORD-2122,2025-08-19,Tablet,Electronics,Central,Online,59,429.0,23714.16,1.3,No
ORD-2123,2025-06-15,Monitor,Electronics,South,Online,45,249.0,11083.36,3.8,No
ORD-2124,2025-05-12,Keyboard,Accessories,North,Online,5,79.0,348.92,2.3,No
ORD-2125,2025-07-01,Mouse,Accessories,Central,Online,39,39.0,1792.9,1.0,No
ORD-2126,2025-07-15,Headset,Accessories,East,Retail,20,129.0,3075.7,4.9,No
ORD-2127,2025-10-25,Camera,Electronics,Central,Online,12,549.0,6199.98,4.7,No
ORD-2128,2025-03-09,Laptop,Electronics,Central,Online,6,999.0,5760.6,1.6,No
ORD-2129,2025-01-23,Phone,Electronics,East,Distributor,9,799.0,7368.79,4.7,No
ORD-2130,2025-05-15,Tablet,Electronics,East,Retail,40,429.0,19568.51,2.3,No
ORD-2131,2025-06-11,Monitor,Electronics,South,Retail,48,249.0,14319.66,4.4,No
ORD-2132,2025-08-14,Keyboard,Accessories,North,Retail,4,79.0,289.49,1.7,No
ORD-2133,2025-03-25,Mouse,Accessories,North,Online,46,39.0,1818.21,1.2,No
ORD-2134,2025-12-30,Headset,Accessories,West,Online,36,129.0,4736.04,4.4,No
ORD-2135,2025-03-05,Camera,Electronics,East,Retail,23,549.0,11146.51,4.3,No
ORD-2136,2025-05-20,Laptop,Electronics,Central,Retail,37,999.0,42944.1,3.3,No
ORD-2137,2025-09-27,Phone,Electronics,West,Online,50,799.0,41938.54,2.0,No
ORD-2138,2025-02-18,Tablet,Electronics,East,Online,57,429.0,23597.88,2.6,No
ORD-2139,2025-02-24,Monitor,Electronics,North,Online,54,249.0,12951.7,2.8,No
ORD-2140,2025-09-03,Keyboard,Accessories,East,Retail,30,79.0,2535.72,3.6,No
ORD-2141,2025-01-23,Mouse,Accessories,West,Distributor,42,39.0,1749.1,4.8,No
ORD-2142,2025-10-19,Headset,Accessories,North,Distributor,9,129.0,1072.74,2.3,Yes
ORD-2143,2025-02-06,Camera,Electronics,West,Online,36,549.0,23384.07,2.6,No
ORD-2144,2025-07-24,Laptop,Electronics,South,Retail,6,999.0,5137.93,2.6,No
ORD-2145,2025-11-28,Phone,Electronics,South,Online,49,799.0,46356.79,2.2,No
ORD-2146,2025-06-08,Tablet,Electronics,South,Distributor,58,429.0,27114.83,3.7,No
ORD-2147,2025-09-20,Monitor,Electronics,West,Online,13,249.0,3306.17,2.1,No
ORD-2148,2025-02-16,Keyboard,Accessories,East,Retail,49,79.0,3862.82,1.7,No
ORD-2149,2025-02-17,Mouse,Accessories,West,Retail,3,39.0,120.47,3.6,No
ORD-2150,2025-09-11,Headset,Accessories,Central,Online,34,129.0,4694.54,2.2,No
ORD-2151,2025-09-02,Camera,Electronics,South,Distributor,20,549.0,9904.09,4.4,No
ORD-2152,2025-06-01,Laptop,Electronics,North,Online,37,999.0,32036.01,3.1,No
ORD-2153,2025-07-31,Phone,Electronics,Central,Distributor,7,799.0,5663.64,2.4,No
ORD-2154,2025-09-15,Tablet,Electronics,West,Retail,2,429.0,763.51,4.1,No
ORD-2155,2025-01-24,Monitor,Electronics,East,Distributor,6,249.0,1487.56,3.3,No
ORD-2156,2025-12-10,Keyboard,Accessories,East,Distributor,29,79.0,2447.55,4.9,No
ORD-2157,2025-04-06,Mouse,Accessories,Central,Distributor,14,39.0,499.47,4.5,No
ORD-2158,2025-10-01,Headset,Accessories,North,Online,2,129.0,219.83,1.7,No
ORD-2159,2025-12-21,Camera,Electronics,Central,Online,26,549.0,16473.24,2.2,No
ORD-2160,2025-11-12,Laptop,Electronics,West,Distributor,24,999.0,26175.36,1.4,No
ORD-2161,2025-04-08,Phone,Electronics,South,Online,8,799.0,7258.68,1.8,No
ORD-2162,2025-11-29,Tablet,Electronics,Central,Retail,16,429.0,6881.34,1.3,No
ORD-2163,2025-03-17,Monitor,Electronics,North,Retail,31,249.0,7700.92,4.6,No
ORD-2164,2025-08-16,Keyboard,Accessories,West,Retail,32,79.0,2565.97,2.0,No
ORD-2165,2025-07-20,Mouse,Accessories,North,Online,4,39.0,150.83,4.9,No
ORD-2166,2025-10-24,Headset,Accessories,East,Online,39,129.0,5563.67,2.9,No
ORD-2167,2025-10-30,Camera,Electronics,West,Retail,47,549.0,27454.99,3.9,No
ORD-2168,2025-08-05,Laptop,Electronics,North,Distributor,37,999.0,35504.72,4.6,No
ORD-2169,2025-08-31,Phone,Electronics,East,Online,8,799.0,6540.14,3.8,Yes
ORD-2170,2025-05-28,Tablet,Electronics,East,Online,47,429.0,18494.92,1.9,No
ORD-2171,2025-12-17,Monitor,Electronics,West,Retail,22,249.0,6423.54,4.5,No
ORD-2172,2025-07-19,Keyboard,Accessories,East,Online,27,79.0,2434.99,4.2,No
ORD-2173,2025-11-15,Mouse,Accessories,North,Online,14,39.0,518.08,1.5,No
ORD-2174,2025-11-07,Headset,Accessories,West,Online,32,129.0,3654.59,2.2,No
ORD-2175,2025-01-25,Camera,Electronics,East,Distributor,2,549.0,1071.18,3.7,No
ORD-2176,2025-09-15,Laptop,Electronics,East,Online,3,999.0,3393.76,1.5,No
ORD-2177,2025-10-15,Phone,Electronics,East,Distributor,15,799.0,12227.43,4.1,No
ORD-2178,2025-10-13,Tablet,Electronics,Central,Retail,18,429.0,8986.18,3.7,No
ORD-2179,2025-08-13,Monitor,Electronics,North,Online,52,249.0,13077.45,4.1,No
ORD-2180,2025-02-22,Keyboard,Accessories,Central,Online,53,79.0,4383.23,1.7,No
ORD-2181,2025-04-16,Mouse,Accessories,East,Online,59,39.0,2247.1,4.0,No
ORD-2182,2025-02-20,Headset,Accessories,East,Retail,10,129.0,1388.66,1.5,No
ORD-2183,2025-08-01,Camera,Electronics,South,Online,50,549.0,30720.99,2.4,No
ORD-2184,2025-02-13,Laptop,Electronics,West,Distributor,18,999.0,17628.7,3.5,No
ORD-2185,2025-09-29,Phone,Electronics,South,Online,27,799.0,24280.96,2.7,No
ORD-2186,2025-08-23,Tablet,Electronics,East,Online,55,429.0,24318.29,2.8,No
ORD-2187,2025-09-22,Monitor,Electronics,East,Online,5,249.0,1095.19,4.9,No
ORD-2188,2025-02-01,Keyboard,Accessories,South,Retail,26,79.0,2291.68,1.2,No
ORD-2189,2026-01-01,Mouse,Accessories,Central,Distributor,52,39.0,2192.52,2.7,No
ORD-2190,2025-12-25,Headset,Accessories,East,Distributor,36,129.0,5367.26,1.0,No
ORD-2191,2025-09-28,Camera,Electronics,West,Online,40,549.0,25740.58,3.6,No
ORD-2192,2025-11-16,Laptop,Electronics,West,Distributor,51,999.0,54330.26,4.6,No
ORD-2193,2025-07-27,Phone,Electronics,East,Online,50,799.0,36716.19,1.1,No
ORD-2194,2025-03-06,Tablet,Electronics,East,Retail,34,429.0,17461.97,1.4,No
ORD-2195,2025-09-24,Monitor,Electronics,South,Online,22,249.0,6107.78,1.1,No
ORD-2196,2025-10-31,Keyboard,Accessories,East,Online,17,79.0,1254.99,4.9,No
ORD-2197,2025-01-31,Mouse,Accessories,Central,Distributor,54,39.0,2065.02,1.5,No
ORD-2198,2025-03-05,Headset,Accessories,North,Online,29,129.0,3569.99,2.4,No
ORD-2199,2025-10-25,Camera,Electronics,Central,Retail,37,549.0,22346.87,1.9,No
ORD-1003,2025-10-07,Monitor,Electronics,Central,Distributor,27,249.0,6233.26,4.2,Yes
